时间,时间维度,南方电网,广东,广西,云南,海南,贵州,指标单位
2021/1/29,日,48795,11877,8052,12258,1562,15046,MWh
2021/1/30,日,48795,11877,8052,12258,1562,15046,MWh
2021/1/31,日,48588,11252,8037,12693,1561,15045,MWh
2021/2/1,日,48588,11252,8037,12693,1561,15045,MWh
2021/2/2,日,45317,11877,4574,12258,1562,15046,MWh
2021/2/3,日,48795,11877,8052,12258,1562,15046,MWh
2021/2/4,日,48855,11937,8052,12258,1562,15046,MWh
2021/2/5,日,48299,11252,8037,12693,1561,15045,MWh
2021/2/6,日,45377,11937,4574,12258,1562,15046,MWh
2021/2/7,日,45377,11937,4574,12258,1562,15046,MWh
2021/2/8,日,41377,11937,4574,12258,1562,11046,MWh
2021/2/9,日,44588,11252,8037,12693,1561,11045,MWh
2021/2/10,日,49218,11937,8415,12258,1562,15046,MWh
2021/2/11,日,45377,11937,4574,12258,1562,15046,MWh
2021/2/12,日,45377,11937,4574,12258,1562,15046,MWh
2021/2/13,日,45377,11937,4574,12258,1562,15046,MWh
2021/2/14,日,44299,11252,8037,12693,1561,11045,MWh
2021/2/15,日,44299,11252,8037,12693,1561,11045,MWh
2021/2/16,日,44588,11252,8037,12693,1561,11045,MWh
2021/2/17,日,45377,11937,4574,12258,1562,15046,MWh
2021/2/18,日,44588,11252,8037,12693,1561,11045,MWh
2021/2/19,日,44588,11252,8037,12693,1561,11045,MWh
2021/2/20,日,44588,11252,8037,12693,1561,11045,MWh
2021/2/21,日,44588,11252,8037,12693,1561,11045,MWh
2021/2/22,日,49218,11937,8415,12258,1562,15046,MWh
2021/2/23,日,49218,11937,8415,12258,1562,15046,MWh
2021/2/24,日,44588,11252,8037,12693,1561,11045,MWh
2021/2/25,日,44588,11162,8037,12693,1562,11045,MWh
2021/2/26,日,45377,11937,4574,12258,1562,15046,MWh
2021/2/27,日,45377,11937,4574,12258,1562,15046,MWh
2021/2/28,日,44588,11252,8037,12693,1561,11045,MWh
2021/3/1,日,44588,11252,8037,12693,1561,11045,MWh
2021/3/2,日,44588,11252,8037,12693,1561,11045,MWh
2021/3/3,日,44588,11252,8037,12693,1561,11045,MWh
2021/3/4,日,49448,12167,8415,12258,1562,15046,MWh
2021/3/5,日,49448,12167,8415,12258,1562,15046,MWh
2021/3/6,日,44588,11252,8037,12693,1561,11045,MWh
2021/3/7,日,44588,11162,8037,12693,1562,11045,MWh
2021/3/8,日,49338,12167,8415,12148,1562,15046,MWh
2021/3/9,日,49337,12167,8415,12147,1562,15046,MWh
2021/3/10,日,44588,11252,8037,12693,1561,11045,MWh
2021/3/11,日,44588,11252,8037,12693,1561,11045,MWh
2021/3/12,日,44589,11252,8037,12693,1562,11046,MWh
2021/3/13,日,49337,12167,8415,12147,1562,15046,MWh
2021/3/14,日,49337,12167,8415,12147,1562,15046,MWh
2021/3/15,日,49337,12167,8415,12147,1562,15046,MWh
2021/3/16,日,49337,12167,8415,12147,1562,15046,MWh
2021/3/17,日,49337,12167,8415,12147,1562,15046,MWh
2021/3/18,日,49337,12167,8415,12147,1562,15046,MWh
2021/3/19,日,49048,12167,8415,12147,1562,15046,MWh
2021/3/20,日,44299,11252,8037,12693,1561,11045,MWh
2021/3/21,日,44588,11252,8037,12693,1561,11045,MWh
2021/3/22,日,44588,11252,8037,12693,1561,11045,MWh
2021/3/23,日,44588,11252,8037,12693,1561,11045,MWh
2021/3/24,日,49337,12167,8415,12147,1562,15046,MWh
2021/3/25,日,49337,12167,8415,12147,1562,15046,MWh
2021/3/26,日,49048,12167,8415,12147,1562,15046,MWh
2021/3/27,日,45794,11767,8465,12663,1561,11338,MWh
2021/3/28,日,45794,11767,8465,12663,1561,11338,MWh
2021/3/29,日,45794,11767,8465,12663,1561,11338,MWh
2021/3/30,日,45794,11767,8465,12663,1561,11338,MWh
2021/3/31,日,45994,11767,8465,12663,1561,11538,MWh
2021/4/1,日,45994,11767,8465,12663,1561,11538,MWh
2021/4/2,日,45994,11767,8465,12663,1561,11538,MWh
2021/4/3,日,45929,11754,8465,12663,1561,11486,MWh
2021/4/4,日,45929,11754,8465,12663,1561,11486,MWh
2021/4/5,日,45929,11754,8465,12663,1561,11486,MWh
2021/4/6,日,45929,11754,8465,12663,1561,11486,MWh
2021/4/7,日,46049,11754,8585,12663,1561,11486,MWh
2021/4/8,日,46089,11779,8600,12663,1561,11486,MWh
2021/4/9,日,46089,11779,8600,12663,1561,11486,MWh
2021/4/10,日,46089,11779,8600,12663,1561,11486,MWh
2021/4/11,日,46089,11779,8600,12663,1561,11486,MWh
2021/4/12,日,46089,11779,8600,12663,1561,11486,MWh
2021/4/13,日,46118,11779,8629,12663,1561,11486,MWh
2021/4/14,日,46118,11779,8629,12663,1561,11486,MWh
2021/4/15,日,46120,11779,8631,12663,1561,11486,MWh
2021/4/16,日,46120,11779,8631,12663,1561,11486,MWh
2021/4/17,日,46120,11779,8631,12663,1561,11486,MWh
2021/4/18,日,46145,11779,8656,12663,1561,11486,MWh
2021/4/19,日,46145,11779,8656,12663,1561,11486,MWh
2021/4/20,日,47021,11779,8656,12663,1561,12362,MWh
2021/4/21,日,47021,11779,8656,12663,1561,12362,MWh
2021/4/22,日,47021,11779,8656,12663,1561,12362,MWh
2021/4/23,日,47021,11779,8656,12663,1561,12362,MWh
2021/4/24,日,47021,11779,8656,12663,1561,12362,MWh
2021/4/25,日,47021,11779,8656,12663,1561,12362,MWh
2021/4/26,日,47021,11779,8656,12663,1561,12362,MWh
2021/4/27,日,47021,11779,8656,12663,1561,12362,MWh
2021/4/28,日,47021,11779,8656,12663,1561,12362,MWh
2021/4/29,日,47021,11779,8656,12663,1561,12362,MWh
2021/4/30,日,47021,11779,8656,12663,1561,12362,MWh
2021/5/1,日,47021,11779,8656,12663,1561,12362,MWh
2021/5/2,日,47021,11779,8656,12663,1561,12362,MWh
2021/5/3,日,47021,11779,8656,12663,1561,12362,MWh
2021/5/4,日,47021,11779,8656,12663,1561,12362,MWh
2021/5/5,日,47021,11779,8656,12663,1561,12362,MWh
2021/5/6,日,47059,11817,8656,12663,1561,12362,MWh
2021/5/7,日,47351,12109,8656,12663,1561,12362,MWh
2021/5/8,日,47414,12109,8719,12663,1561,12362,MWh
2021/5/9,日,47414,12109,8719,12663,1561,12362,MWh
2021/5/10,日,47470,12159,8725,12663,1561,12362,MWh
2021/5/11,日,47470,12159,8725,12663,1561,12362,MWh
2021/5/12,日,47470,12159,8725,12663,1561,12362,MWh
2021/5/13,日,47470,12159,8725,12663,1561,12362,MWh
2021/5/14,日,47470,12159,8725,12663,1561,12362,MWh
2021/5/15,日,47470,12159,8725,12663,1561,12362,MWh
2021/5/16,日,47470,12159,8725,12663,1561,12362,MWh
2021/5/17,日,47470,12159,8725,12663,1561,12362,MWh
2021/5/18,日,47433,12159,8688,12663,1561,12362,MWh
2021/5/19,日,47456,12182,8688,12663,1561,12362,MWh
2021/5/20,日,47456,12182,8688,12663,1561,12362,MWh
2021/5/21,日,47460,12186,8688,12663,1561,12362,MWh
2021/5/22,日,47460,12186,8688,12663,1561,12362,MWh
2021/5/23,日,47460,12186,8688,12663,1561,12362,MWh
2021/5/24,日,47490,12186,8718,12663,1561,12362,MWh
2021/5/25,日,47490,12186,8718,12663,1561,12362,MWh
2021/5/26,日,47490,12186,8718,12663,1561,12362,MWh
2021/5/27,日,47490,12186,8718,12663,1561,12362,MWh
2021/5/28,日,47490,12186,8718,12663,1561,12362,MWh
2021/5/29,日,47490,12186,8718,12663,1561,12362,MWh
2021/5/30,日,47490,12186,8718,12663,1561,12362,MWh
2021/5/31,日,47490,12186,8718,12663,1561,12362,MWh
2021/6/1,日,47521,12186,8749,12663,1561,12362,MWh
2021/6/2,日,47692,12186,8920,12663,1561,12362,MWh
2021/6/3,日,47692,12186,8920,12663,1561,12362,MWh
2021/6/4,日,47692,12186,8920,12663,1561,12362,MWh
2021/6/5,日,47692,12186,8920,12663,1561,12362,MWh
2021/6/6,日,47692,12186,8920,12663,1561,12362,MWh
2021/6/7,日,47698,12192,8920,12663,1561,12362,MWh
2021/6/8,日,47698,12192,8920,12663,1561,12362,MWh
2021/6/9,日,47698,12192,8920,12663,1561,12362,MWh
2021/6/10,日,47698,12192,8920,12663,1561,12362,MWh
2021/6/11,日,47691,12185,8920,12663,1561,12362,MWh
2021/6/12,日,47691,12185,8920,12663,1561,12362,MWh
2021/6/13,日,47691,12185,8920,12663,1561,12362,MWh
2021/6/14,日,47691,12185,8920,12663,1561,12362,MWh
2021/6/15,日,47691,12185,8920,12663,1561,12362,MWh
2021/6/16,日,48153,12183,8920,12663,1561,12826,MWh
2021/6/17,日,48537,12183,8920,12663,1561,13210,MWh
2021/6/18,日,48624,12270,8920,12663,1561,13210,MWh
2021/6/19,日,48624,12270,8920,12663,1561,13210,MWh
2021/6/20,日,48624,12270,8920,12663,1561,13210,MWh
2021/6/21,日,48666,12259,8920,12663,1614,13210,MWh
2021/6/22,日,48666,12259,8920,12663,1614,13210,MWh
2021/6/23,日,48561,12207,8920,12663,1561,13210,MWh
2021/6/24,日,48663,12207,9022,12663,1561,13210,MWh
2021/6/25,日,48016,12210,9022,12663,1561,12560,MWh
2021/6/26,日,48016,12210,9022,12663,1561,12560,MWh
2021/6/27,日,48016,12210,9022,12663,1561,12560,MWh
2021/6/28,日,48002,12210,9022,12663,1365,12742,MWh
2021/6/29,日,48526,12210,9022,12663,1365,13266,MWh
2021/6/30,日,48526,12210,9022,12663,1365,13266,MWh
2021/7/1,日,48516,12210,9022,12653,1365,13266,MWh
2021/7/2,日,48577,12271,9022,12653,1365,13266,MWh
2021/7/3,日,48577,12271,9022,12653,1365,13266,MWh
2021/7/4,日,48577,12271,9022,12653,1365,13266,MWh
2021/7/5,日,48577,12271,9022,12653,1365,13266,MWh
2021/7/6,日,48577,12271,9022,12653,1365,13266,MWh
2021/7/7,日,48577,12271,9022,12653,1365,13266,MWh
2021/7/8,日,48567,12271,9022,12653,1355,13266,MWh
2021/7/9,日,48477,12271,9022,12563,1355,13266,MWh
2021/7/10,日,48477,12271,9022,12563,1355,13266,MWh
2021/7/11,日,48477,12271,9022,12563,1355,13266,MWh
2021/7/12,日,48477,12271,9022,12563,1355,13266,MWh
2021/7/13,日,48477,12271,9022,12563,1355,13266,MWh
2021/7/14,日,48477,12271,9022,12563,1355,13266,MWh
2021/7/15,日,48477,12271,9022,12563,1355,13266,MWh
2021/7/16,日,48477,12271,9022,12563,1355,13266,MWh
2021/7/17,日,48477,12271,9022,12563,1355,13266,MWh
2021/7/18,日,48477,12271,9022,12563,1355,13266,MWh
2021/7/19,日,48477,12271,9022,12563,1355,13266,MWh
2021/7/20,日,48465,12271,9022,12551,1355,13266,MWh
2021/7/21,日,48465,12271,9022,12551,1355,13266,MWh
2021/7/22,日,48509,12271,9066,12551,1355,13266,MWh
2021/7/23,日,48509,12271,9066,12551,1355,13266,MWh
2021/7/24,日,48509,12271,9066,12551,1355,13266,MWh
2021/7/25,日,48509,12271,9066,12551,1355,13266,MWh
2021/7/26,日,48509,12271,9066,12551,1355,13266,MWh
2021/7/27,日,48509,12271,9066,12551,1355,13266,MWh
2021/7/28,日,48509,12271,9066,12551,1355,13266,MWh
2021/7/29,日,48509,12271,9066,12551,1355,13266,MWh
2021/7/30,日,48509,12271,9066,12551,1355,13266,MWh
2021/7/31,日,48509,12271,9066,12551,1355,13266,MWh
2021/8/1,日,48509,12271,9066,12551,1355,13266,MWh
2021/8/2,日,48509,12271,9066,12551,1355,13266,MWh
2021/8/3,日,48509,12271,9066,12551,1355,13266,MWh
2021/8/4,日,48590,12271,9066,12551,1355,13347,MWh
2021/8/5,日,49461,13046,9162,12551,1355,13347,MWh
2021/8/6,日,49513,13098,9162,12551,1355,13347,MWh
2021/8/7,日,48477,12271,9022,12563,1355,13266,MWh
2021/8/8,日,48477,12271,9022,12563,1355,13266,MWh
2021/8/9,日,48477,12271,9022,12563,1355,13266,MWh
2021/8/10,日,48477,12271,9022,12563,1355,13266,MWh
2021/8/11,日,48477,12271,9022,12563,1355,13266,MWh
2021/8/12,日,48477,12271,9022,12563,1355,13266,MWh
2021/8/13,日,48509,12271,9066,12551,1355,13266,MWh
2021/8/14,日,48509,12271,9066,12551,1355,13266,MWh
2021/8/15,日,48509,12271,9066,12551,1355,13266,MWh
2021/8/16,日,48509,12271,9066,12551,1355,13266,MWh
2021/8/17,日,48509,12271,9066,12551,1355,13266,MWh
2021/8/18,日,49815,13171,9162,12551,1355,13576,MWh
2021/8/19,日,49815,13171,9162,12551,1355,13576,MWh
2021/8/20,日,49814,13171,9162,12551,1355,13576,MWh
2021/8/21,日,49814,13171,9162,12551,1355,13576,MWh
2021/8/22,日,49814,13171,9162,12551,1355,13576,MWh
2021/8/23,日,49814,13171,9162,12551,1355,13576,MWh
2021/8/24,日,49814,13171,9162,12551,1355,13576,MWh
2021/8/25,日,49814,13171,9162,12551,1355,13576,MWh
2021/8/26,日,49814,13171,9162,12551,1355,13576,MWh
2021/8/27,日,49814,13171,9162,12551,1355,13576,MWh
2021/8/28,日,49814,13171,9162,12551,1355,13576,MWh
2021/8/29,日,49814,13171,9162,12551,1355,13576,MWh
2021/8/30,日,49814,13171,9162,12551,1355,13576,MWh
2021/8/31,日,49814,13171,9162,12551,1355,13576,MWh
2021/9/1,日,49814,13171,9162,12551,1355,13576,MWh
2021/9/2,日,49814,13171,9162,12551,1355,13576,MWh
2021/9/3,日,49814,13171,9162,12551,1355,13576,MWh
2021/9/4,日,49814,13171,9162,12551,1355,13576,MWh
2021/9/5,日,49814,13171,9162,12551,1355,13576,MWh
2021/9/6,日,49814,13171,9162,12551,1355,13576,MWh
2021/9/7,日,49814,13171,9162,12551,1355,13576,MWh
2021/9/8,日,49814,13171,9162,12551,1355,13576,MWh
2021/9/9,日,49814,13171,9162,12551,1355,13576,MWh
2021/9/10,日,49814,13171,9162,12551,1355,13576,MWh
2021/9/11,日,49814,13171,9162,12551,1355,13576,MWh
2021/9/12,日,49814,13171,9162,12551,1355,13576,MWh
2021/9/13,日,49814,13171,9162,12551,1355,13576,MWh
2021/9/14,日,49814,13171,9162,12551,1355,13576,MWh
2021/9/15,日,49814,13171,9162,12551,1355,13576,MWh
2021/9/16,日,49814,13171,9162,12551,1355,13576,MWh
2021/9/17,日,49814,13171,9162,12551,1355,13576,MWh
2021/9/18,日,49814,13171,9162,12551,1355,13576,MWh
2021/9/19,日,49814,13171,9162,12551,1355,13576,MWh
2021/9/20,日,49814,13171,9162,12551,1355,13576,MWh
2021/9/21,日,49814,13171,9162,12551,1355,13576,MWh
2021/9/22,日,50009,13273,9245,12583,1355,13553,MWh
2021/9/23,日,50009,13273,9245,12583,1355,13553,MWh
2021/9/24,日,50009,13273,9245,12583,1355,13553,MWh
2021/9/25,日,50009,13273,9245,12583,1355,13553,MWh
2021/9/26,日,50009,13273,9245,12583,1355,13553,MWh
2021/9/27,日,50009,13273,9245,12583,1355,13553,MWh
2021/9/28,日,50009,13273,9245,12583,1355,13553,MWh
2021/9/29,日,50009,13273,9245,12583,1355,13553,MWh
2021/9/30,日,50009,13273,9245,12583,1355,13553,MWh
2021/10/1,日,50009,13273,9245,12583,1355,13553,MWh
2021/10/2,日,50009,13273,9245,12583,1355,13553,MWh
2021/10/3,日,50009,13273,9245,12583,1355,13553,MWh
2021/10/4,日,50009,13273,9245,12583,1355,13553,MWh
2021/10/5,日,50009,13273,9245,12583,1355,13553,MWh
2021/10/6,日,50009,13273,9245,12583,1355,13553,MWh
2021/10/7,日,50009,13273,9245,12583,1355,13553,MWh
2021/10/8,日,50009,13273,9245,12583,1355,13553,MWh
2021/10/9,日,50009,13273,9245,12583,1355,13553,MWh
2021/10/10,日,50009,13273,9245,12583,1355,13553,MWh
2021/10/11,日,50009,13273,9245,12583,1355,13553,MWh
2021/10/12,日,50009,13273,9245,12583,1355,13553,MWh
2021/10/13,日,50009,13273,9245,12583,1355,13553,MWh
2021/10/14,日,50009,13273,9245,12583,1355,13553,MWh
2021/10/15,日,50009,13273,9245,12583,1355,13553,MWh
2021/10/16,日,50009,13273,9245,12583,1355,13553,MWh
2021/10/17,日,50009,13273,9245,12583,1355,13553,MWh
2021/10/18,日,50009,13273,9245,12583,1355,13553,MWh
2021/10/19,日,50009,13273,9245,12583,1355,13553,MWh
2021/10/20,日,50009,13273,9245,12583,1355,13553,MWh
2021/10/21,日,50009,13273,9245,12583,1355,13553,MWh
2021/10/22,日,50100,13543,9302,12346,1355,13553,MWh
2021/10/23,日,50100,13543,9302,12346,1355,13553,MWh
2021/10/24,日,50100,13543,9302,12346,1355,13553,MWh
2021/10/25,日,50100,13543,9302,12346,1355,13553,MWh
2021/10/26,日,50100,13543,9302,12346,1355,13553,MWh
2021/10/27,日,50100,13543,9302,12346,1355,13553,MWh
2021/10/28,日,50100,13543,9302,12346,1355,13553,MWh
2021/10/29,日,50100,13543,9302,12346,1355,13553,MWh
2021/10/30,日,50100,13543,9302,12346,1355,13553,MWh
2021/10/31,日,50100,13543,9302,12346,1355,13553,MWh
2021/11/1,日,50100,13543,9302,12346,1355,13553,MWh
2021/11/2,日,50100,13543,9302,12346,1355,13553,MWh
2021/11/3,日,50100,13543,9302,12346,1355,13553,MWh
2021/11/4,日,50100,13543,9302,12346,1355,13553,MWh
2021/11/5,日,50100,13543,9302,12346,1355,13553,MWh
2021/11/6,日,50100,13543,9302,12346,1355,13553,MWh
2021/11/7,日,50100,13543,9302,12346,1355,13553,MWh
2021/11/8,日,50100,13543,9302,12346,1355,13553,MWh
2021/11/9,日,50100,13543,9302,12346,1355,13553,MWh
2021/11/10,日,50100,13543,9302,12346,1355,13553,MWh
2021/11/11,日,50100,13543,9302,12346,1355,13553,MWh
2021/11/12,日,50100,13543,9302,12346,1355,13553,MWh
2021/11/13,日,50100,13543,9302,12346,1355,13553,MWh
2021/11/14,日,50100,13543,9302,12346,1355,13553,MWh
2021/11/15,日,50100,13543,9302,12346,1355,13553,MWh
2021/11/16,日,50100,13543,9302,12346,1355,13553,MWh
2021/11/17,日,49810,13543,9302,12346,1355,13553,MWh
2021/11/18,日,49810,13543,9302,12346,1355,13553,MWh
2021/11/19,日,50647,14020,9374,12346,1355,13553,MWh
2021/11/20,日,50647,14020,9374,12346,1355,13553,MWh
2021/11/21,日,50647,14020,9374,12346,1355,13553,MWh
2021/11/22,日,50647,14020,9374,12346,1355,13553,MWh
2021/11/23,日,50647,14020,9374,12346,1355,13553,MWh
2021/11/24,日,50647,14020,9374,12346,1355,13553,MWh
2021/11/25,日,50647,14020,9374,12346,1355,13553,MWh
2021/11/26,日,50647,14020,9374,12346,1355,13553,MWh
2021/11/27,日,50647,14020,9374,12346,1355,13553,MWh
2021/11/28,日,50647,14020,9374,12346,1355,13553,MWh
2021/11/29,日,50647,14020,9374,12346,1355,13553,MWh
2021/11/30,日,50647,14020,9374,12346,1355,13553,MWh
2021/12/1,日,50647,14020,9374,12346,1355,13553,MWh
2021/12/2,日,50647,14020,9374,12346,1355,13553,MWh
2021/12/3,日,50647,14020,9374,12346,1355,13553,MWh
2021/12/4,日,50647,14020,9374,12346,1355,13553,MWh
2021/12/5,日,50647,14020,9374,12346,1355,13553,MWh
2021/12/6,日,50647,14020,9374,12346,1355,13553,MWh
2021/12/7,日,50647,14020,9374,12346,1355,13553,MWh
2021/12/8,日,50647,14020,9374,12346,1355,13553,MWh
2021/12/9,日,50647,14020,9374,12346,1355,13553,MWh
2021/12/10,日,50647,14020,9374,12346,1355,13553,MWh
2021/12/11,日,50647,14020,9374,12346,1355,13553,MWh
2021/12/12,日,50647,14020,9374,12346,1355,13553,MWh
2021/12/13,日,50647,14020,9374,12346,1355,13553,MWh
2021/12/14,日,50647,14020,9374,12346,1355,13553,MWh
2021/12/15,日,50647,14020,9374,12346,1355,13553,MWh
2021/12/16,日,50647,14020,9374,12346,1355,13553,MWh
2021/12/17,日,50647,14020,9374,12346,1355,13553,MWh
2021/12/18,日,50647,14020,9374,12346,1355,13553,MWh
2021/12/19,日,50647,14020,9374,12346,1355,13553,MWh
2021/12/20,日,50647,14020,9374,12346,1355,13553,MWh
2021/12/21,日,50647,14020,9374,12346,1355,13553,MWh
2021/12/22,日,50647,14020,9374,12346,1355,13553,MWh
2021/12/23,日,52460,15686,9521,12346,1355,13553,MWh
2021/12/24,日,52464,15689,9521,12346,1355,13553,MWh
2021/12/25,日,52460,15686,9521,12346,1355,13553,MWh
2021/12/26,日,52460,15686,9521,12346,1355,13553,MWh
2021/12/27,日,52460,15686,9521,12346,1355,13553,MWh
2021/12/28,日,52460,15686,9521,12346,1355,13553,MWh
2021/12/29,日,52460,15686,9521,12346,1355,13553,MWh
2021/12/30,日,52460,15686,9521,12346,1355,13553,MWh
2021/12/31,日,52460,15686,9521,12346,1355,13553,MWh
2022/1/1,日,52460,15686,9521,12346,1355,13553,MWh
2022/1/2,日,52460,15686,9521,12346,1355,13553,MWh
2022/1/3,日,52460,15686,9521,12346,1355,13553,MWh
2022/1/4,日,52460,15686,9521,12346,1355,13553,MWh
2022/1/5,日,52460,15686,9521,12346,1355,13553,MWh
2022/1/6,日,52460,15686,9521,12346,1355,13553,MWh
2022/1/7,日,52460,15686,9521,12346,1355,13553,MWh
2022/1/8,日,52460,15686,9521,12346,1355,13553,MWh
2022/1/9,日,52460,15686,9521,12346,1355,13553,MWh
2022/1/10,日,58280,15556,9946,15908,1355,15517,MWh
2022/1/11,日,62004,19135,9946,16015,1391,15517,MWh
2022/1/12,日,62004,19135,9946,16015,1391,15517,MWh
2022/1/13,日,57004,19135,9946,12547,1391,13986,MWh
2022/1/14,日,57004,19135,9946,12547,1391,13986,MWh
2022/1/15,日,57004,19135,9946,12547,1391,13986,MWh
2022/1/16,日,57004,19135,9946,12547,1391,13986,MWh
2022/1/17,日,57004,19135,9946,12547,1391,13986,MWh
2022/1/18,日,57004,19135,9946,12547,1391,13986,MWh
2022/1/19,日,57030,19143,9946,12547,1391,14004,MWh
2022/1/20,日,57030,19143,9946,12547,1391,14004,MWh
2022/1/21,日,57030,19143,9946,12547,1391,14004,MWh
2022/1/22,日,57030,19143,9946,12547,1391,14004,MWh
2022/1/23,日,57030,19143,9946,12547,1391,14004,MWh
2022/1/24,日,57004,19135,9946,12547,1391,14004,MWh
2022/1/25,日,57004,19135,9946,12547,1391,14004,MWh
2022/1/26,日,57004,19135,9946,12547,1391,13986,MWh
2022/1/27,日,57004,19135,9946,12547,1391,13986,MWh
2022/1/28,日,57004,19135,9946,12547,1391,13986,MWh
2022/1/29,日,57004,19135,9946,12547,1391,13986,MWh
2022/1/30,日,57004,19135,9946,12547,1391,13986,MWh
2022/1/31,日,57004,19135,9946,12547,1391,13986,MWh
2022/2/1,日,57004,19135,9946,12547,1391,13986,MWh
2022/2/2,日,57004,19135,9946,12547,1391,13986,MWh
2022/2/3,日,57004,19135,9946,12547,1391,13986,MWh
2022/2/4,日,57004,19135,9946,12547,1391,13986,MWh
2022/2/5,日,57004,19135,9946,12547,1391,13986,MWh
2022/2/6,日,57004,19135,9946,12547,1391,13986,MWh
2022/2/7,日,57004,19135,9946,12547,1391,13986,MWh
2022/2/8,日,57004,19135,9946,12547,1391,13986,MWh
2022/2/9,日,57004,19135,9946,12547,1391,13986,MWh
2022/2/10,日,57004,19135,9946,12547,1391,13986,MWh
2022/2/11,日,57004,19135,9946,12547,1391,13986,MWh
2022/2/12,日,57004,19135,9946,12547,1391,13986,MWh
2022/2/13,日,57004,19135,9946,12547,1391,13986,MWh
2022/2/14,日,57004,19135,9946,12547,1391,13986,MWh
2022/2/15,日,57004,19135,9946,12547,1391,13986,MWh
2022/2/16,日,57004,19135,9946,12547,1391,13986,MWh
2022/2/17,日,57004,19135,9946,12547,1391,13986,MWh
2022/2/18,日,57004,19135,9946,12547,1391,13986,MWh
2022/2/19,日,57004,19135,9946,12547,1391,13986,MWh
2022/2/20,日,57004,19135,9946,12547,1391,13986,MWh
2022/2/21,日,57004,19135,9946,12547,1391,13986,MWh
2022/2/22,日,57004,19135,9946,12547,1391,13986,MWh
2022/2/23,日,57004,19135,9946,12547,1391,13986,MWh
2022/2/24,日,58152,19359,10933,12466,1391,14004,MWh
2022/2/25,日,58152,19359,10933,12466,1391,14004,MWh
2022/2/26,日,58152,19359,10933,12466,1391,14004,MWh
2022/2/27,日,58152,19359,10933,12466,1391,14004,MWh
2022/2/28,日,58152,19359,10933,12466,1391,14004,MWh
2022/3/1,日,58152,19359,10933,12466,1391,14004,MWh
2022/3/2,日,58152,19359,10933,12466,1391,14004,MWh
2022/3/3,日,58152,19359,10933,12466,1391,14004,MWh
2022/3/4,日,58152,19359,10933,12466,1391,14004,MWh
2022/3/5,日,58152,19359,10933,12466,1391,14004,MWh
2022/3/6,日,58152,19359,10933,12466,1391,14004,MWh
2022/3/7,日,58152,19359,10933,12466,1391,14004,MWh
2022/3/8,日,58152,19359,10933,12466,1391,14004,MWh
2022/3/9,日,58152,19359,10933,12466,1391,14004,MWh
2022/3/10,日,58152,19359,10933,12466,1391,14004,MWh
2022/3/11,日,58152,19359,10933,12466,1391,14004,MWh
2022/3/12,日,58152,19359,10933,12466,1391,14004,MWh
2022/3/13,日,58152,19359,10933,12466,1391,14004,MWh
2022/3/14,日,58152,19359,10933,12466,1391,14004,MWh
2022/3/15,日,58152,19359,10933,12466,1391,14004,MWh
2022/3/16,日,58461,19567,10932,12466,1491,14004,MWh
2022/3/17,日,58461,19567,10932,12466,1491,14004,MWh
2022/3/18,日,58461,19567,10932,12466,1491,14004,MWh
2022/3/19,日,58461,19567,10932,12466,1491,14004,MWh
2022/3/20,日,58461,19567,10932,12466,1491,14004,MWh
2022/3/21,日,58261,19567,11024,12466,1491,14004,MWh
2022/3/22,日,58261,19567,11024,12466,1491,14004,MWh
2022/3/23,日,58461,19567,10932,12466,1491,14004,MWh
2022/3/24,日,58461,19567,10932,12466,1491,14004,MWh
2022/3/25,日,58461,19567,10932,12466,1491,14004,MWh
2022/3/26,日,58461,19567,10932,12466,1491,14004,MWh
2022/3/27,日,58461,19567,10932,12466,1491,14004,MWh
2022/3/28,日,58461,19567,10932,12466,1491,14004,MWh
2022/3/29,日,58461,19567,10932,12466,1491,14004,MWh
2022/3/30,日,58461,19567,10932,12466,1491,14004,MWh
2022/3/31,日,58482,19597,11024,12466,1391,14004,MWh
2022/4/1,日,58482,19597,11024,12466,1391,14004,MWh
2022/4/2,日,58482,19597,11025,12466,1391,14004,MWh
2022/4/3,日,58482,19597,11025,12466,1391,14004,MWh
2022/4/4,日,58482,19597,11025,12466,1391,14004,MWh
2022/4/5,日,58482,19597,11025,12466,1391,14004,MWh
2022/4/6,日,58482,19597,11025,12466,1391,14004,MWh
2022/4/7,日,58482,19597,11025,12466,1391,14004,MWh
2022/4/8,日,58482,19597,11025,12466,1391,14004,MWh
2022/4/9,日,58482,19597,11025,12466,1391,14004,MWh
2022/4/10,日,58482,19597,11025,12466,1391,14004,MWh
2022/4/11,日,58283,19597,11138,12466,1391,14004,MWh
2022/4/12,日,58482,19597,11025,12466,1391,14004,MWh
2022/4/13,日,58482,19597,11025,12466,1391,14004,MWh
2022/4/14,日,58482,19597,11025,12466,1391,14004,MWh
2022/4/15,日,58482,19597,11025,12466,1391,14004,MWh
2022/4/16,日,58482,19597,11025,12466,1391,14004,MWh
2022/4/17,日,58482,19597,11025,12466,1391,14004,MWh
2022/4/18,日,60108,19597,11138,12466,1391,15516,MWh
2022/4/19,日,60108,19597,11138,12466,1391,15516,MWh
2022/4/20,日,63186,23171,11138,12258,1391,15517,MWh
2022/4/21,日,58333,23171,11138,12258,1391,15517,MWh
2022/4/22,日,58427,19514,11153,12466,1391,13903,MWh
2022/4/23,日,58427,19514,11153,12466,1391,13903,MWh
2022/4/24,日,58427,19514,11153,12466,1391,13903,MWh
2022/4/25,日,58427,19514,11153,12466,1391,13903,MWh
2022/4/26,日,58427,19514,11153,12466,1391,13903,MWh
2022/4/27,日,58427,19514,11153,12466,1391,13903,MWh
2022/4/28,日,60040,19514,11153,12466,1391,15516,MWh
2022/4/29,日,63489,23171,11153,12257,1391,15517,MWh
2022/4/30,日,63489,23171,11153,12257,1391,15517,MWh
2022/5/1,日,63475,23171,11138,12258,1391,15517,MWh
2022/5/2,日,63474,23171,11138,12257,1391,15517,MWh
2022/5/3,日,63474,23171,11138,12257,1391,15517,MWh
2022/5/4,日,63474,23171,11138,12257,1391,15431,MWh
2022/5/5,日,63099,23171,11138,12257,1391,15431,MWh
2022/5/6,日,63474,23171,11138,12257,1391,15517,MWh
2022/5/7,日,63474,23171,11138,12257,1391,15517,MWh
2022/5/8,日,58427,19514,11153,12466,1391,13903,MWh
2022/5/9,日,58427,19514,11153,12466,1391,13903,MWh
2022/5/10,日,63772,23453,11153,12258,1391,15517,MWh
2022/5/11,日,63772,23453,11153,12258,1391,15517,MWh
2022/5/12,日,63772,23453,11153,12258,1391,15517,MWh
2022/5/13,日,63483,23453,11153,12258,1391,15517,MWh
2022/5/14,日,63483,23453,11153,12258,1391,15517,MWh
2022/5/15,日,63483,23453,11153,12258,1391,15517,MWh
2022/5/16,日,63483,23453,11153,12258,1391,15517,MWh
2022/5/17,日,63483,23453,11153,12258,1391,15517,MWh
2022/5/18,日,59032,19924,11349,12466,1391,13903,MWh
2022/5/19,日,59032,19924,11349,12466,1391,13903,MWh
2022/5/20,日,63773,23454,11153,12258,1391,15517,MWh
2022/5/21,日,63773,23454,11153,12258,1391,15517,MWh
2022/5/22,日,63773,23454,11153,12258,1391,15517,MWh
2022/5/23,日,63484,23454,11153,12258,1391,15517,MWh
2022/5/24,日,63484,23454,11153,12258,1391,15517,MWh
2022/5/25,日,63484,23454,11153,12258,1391,15517,MWh
2022/5/26,日,63484,23454,11153,12258,1391,15517,MWh
2022/5/27,日,63484,23454,11153,12258,1391,15517,MWh
2022/5/28,日,59032,19924,11349,12466,1391,13903,MWh
2022/5/29,日,59032,19924,11349,12466,1391,13903,MWh
2022/5/30,日,59032,19924,11349,12466,1391,13903,MWh
2022/5/31,日,59032,19924,11349,12466,1391,13903,MWh
2022/6/1,日,59032,19924,11349,12466,1391,13903,MWh
2022/6/2,日,59032,19924,11349,12466,1391,13903,MWh
2022/6/3,日,59032,19924,11349,12466,1391,13903,MWh
2022/6/4,日,59032,19924,11349,12466,1391,13903,MWh
2022/6/5,日,59032,19924,11349,12466,1391,13903,MWh
2022/6/6,日,59032,19924,11349,12466,1391,13903,MWh
2022/6/7,日,59032,19924,11349,12466,1391,13903,MWh
2022/6/8,日,59032,19924,11349,12466,1391,13903,MWh
2022/6/9,日,59032,19924,11349,12466,1391,13903,MWh
2022/6/10,日,59032,19924,11349,12466,1391,13903,MWh
2022/6/11,日,59032,19924,11349,12466,1391,13903,MWh
2022/6/12,日,59032,19924,11349,12466,1391,13903,MWh
2022/6/13,日,59032,19924,11349,12466,1391,13903,MWh
2022/6/14,日,59032,19924,11349,12466,1391,13903,MWh
2022/6/15,日,59032,19924,11349,12466,1391,13903,MWh
2022/6/16,日,59032,19924,11349,12466,1391,13903,MWh
2022/6/17,日,59032,19924,11349,12466,1391,13903,MWh
2022/6/18,日,59032,19924,11349,12466,1391,13903,MWh
2022/6/19,日,59032,19924,11349,12466,1391,13903,MWh
2022/6/20,日,59647,20214,11674,12466,1391,13903,MWh
2022/6/21,日,59647,20214,11674,12466,1391,13903,MWh
2022/6/22,日,59647,20214,11674,12466,1391,13903,MWh
2022/6/23,日,59647,20214,11674,12466,1391,13903,MWh
2022/6/24,日,59647,20214,11674,12466,1391,13903,MWh
2022/6/25,日,59647,20214,11674,12466,1391,13903,MWh
2022/6/26,日,59647,20214,11674,12466,1391,13903,MWh
2022/6/27,日,59647,20214,11674,12466,1391,13903,MWh
2022/6/28,日,59647,20214,11674,12466,1391,13903,MWh
2022/6/29,日,59647,20214,11674,12466,1391,13903,MWh
2022/6/30,日,59647,20214,11674,12466,1391,13903,MWh
2022/7/1,日,59647,20214,11674,12466,1391,13903,MWh
2022/7/2,日,59647,20214,11674,12466,1391,13903,MWh
2022/7/3,日,59647,20214,11674,12466,1391,13903,MWh
2022/7/4,日,59647,20214,11674,12466,1391,13903,MWh
2022/7/5,日,59647,20214,11674,12466,1391,13903,MWh
2022/7/6,日,59647,20214,11674,12466,1391,13903,MWh
2022/7/7,日,59647,20214,11674,12466,1391,13903,MWh
2022/7/8,日,59647,20214,11674,12466,1391,13903,MWh
2022/7/9,日,59647,20214,11674,12466,1391,13903,MWh
2022/7/10,日,59647,20214,11674,12466,1391,13903,MWh
2022/7/11,日,59647,20214,11674,12466,1391,13903,MWh
2022/7/12,日,59647,20214,11674,12466,1391,13903,MWh
2022/7/13,日,59647,20214,11674,12466,1391,13903,MWh
2022/7/14,日,59647,20214,11674,12466,1391,13903,MWh
2022/7/15,日,59647,20214,11674,12466,1391,13903,MWh
2022/7/16,日,59647,20214,11674,12466,1391,13903,MWh
2022/7/17,日,59647,20214,11674,12466,1391,13903,MWh
2022/7/18,日,60654,20311,11948,12466,2027,13903,MWh
2022/7/19,日,60654,20311,11948,12466,2027,13903,MWh
2022/7/20,日,60318,20311,11948,12466,1691,13903,MWh
2022/7/21,日,60654,20311,11948,12466,2027,13903,MWh
2022/7/22,日,60654,20311,11948,12466,2027,13903,MWh
2022/7/23,日,60654,20311,11948,12466,2027,13903,MWh
2022/7/24,日,60654,20311,11948,12466,2027,13903,MWh
2022/7/25,日,60654,20311,11948,12466,2027,13903,MWh
2022/7/26,日,60654,20311,11948,12466,2027,13903,MWh
2022/7/27,日,60654,20311,11948,12466,2027,13903,MWh
2022/7/28,日,60654,20311,11948,12466,2027,13903,MWh
2022/7/29,日,60654,20311,11948,12466,2027,13903,MWh
2022/7/30,日,60654,20311,11948,12466,2027,13903,MWh
2022/7/31,日,60654,20311,11948,12466,2027,13903,MWh
2022/8/1,日,60654,20311,11948,12466,2027,13903,MWh
2022/8/2,日,60654,20311,11948,12466,2027,13903,MWh
2022/8/3,日,60654,20311,11948,12466,2027,13903,MWh
2022/8/4,日,60654,20311,11948,12466,2027,13903,MWh
2022/8/5,日,60654,20311,11948,12466,2027,13903,MWh
2022/8/6,日,60654,20311,11948,12466,2027,13903,MWh
2022/8/7,日,60654,20311,11948,12466,2027,13903,MWh
2022/8/8,日,60654,20311,11948,12466,2027,13903,MWh
2022/8/9,日,60654,20311,11948,12466,2027,13903,MWh
2022/8/10,日,60654,20311,11948,12466,2027,13903,MWh
2022/8/11,日,60654,20311,11948,12466,2027,13903,MWh
2022/8/12,日,60654,20311,11948,12466,2027,13903,MWh
2022/8/13,日,60654,20311,11948,12466,2027,13903,MWh
2022/8/14,日,60654,20311,11948,12466,2027,13903,MWh
2022/8/15,日,60743,20391,11957,12466,2027,13903,MWh
2022/8/16,日,60743,20391,11957,12466,2027,13903,MWh
2022/8/17,日,60743,20391,11957,12466,2027,13903,MWh
2022/8/18,日,60743,20391,11957,12466,2027,13903,MWh
2022/8/19,日,60743,20391,11957,12466,2027,13903,MWh
2022/8/20,日,60743,20391,11957,12466,2027,13903,MWh
2022/8/21,日,60743,20391,11957,12466,2027,13903,MWh
2022/8/22,日,60743,20391,11957,12466,2027,13903,MWh
2022/8/23,日,60743,20391,11957,12466,2027,13903,MWh
2022/8/24,日,60743,20391,11957,12466,2027,13903,MWh
2022/8/25,日,60743,20391,11957,12466,2027,13903,MWh
2022/8/26,日,60455,20391,11957,12466,2027,13903,MWh
2022/8/27,日,60743,20391,11957,12466,2027,13903,MWh
2022/8/28,日,60743,20391,11957,12466,2027,13903,MWh
2022/8/29,日,60743,20391,11957,12466,2027,13903,MWh
2022/8/30,日,60743,20391,11957,12466,2027,13903,MWh
2022/8/31,日,60743,20391,11957,12466,2027,13903,MWh
2022/9/1,日,60743,20391,11957,12466,2027,13903,MWh
2022/9/2,日,60743,20391,11957,12466,2027,13903,MWh
2022/9/3,日,60743,20391,11957,12466,2027,13903,MWh
2022/9/4,日,60743,20391,11957,12466,2027,13903,MWh
2022/9/5,日,60743,20391,11957,12466,2027,13903,MWh
2022/9/6,日,60743,20391,11957,12466,2027,13903,MWh
2022/9/7,日,60743,20391,11957,12466,2027,13903,MWh
2022/9/8,日,60743,20391,11957,12466,2027,13903,MWh
2022/9/9,日,61056,20391,12265,12470,2027,13903,MWh
2022/9/10,日,61056,20391,12265,12470,2027,13903,MWh
2022/9/11,日,61056,20391,12265,12470,2027,13903,MWh
2022/9/12,日,61056,20391,12265,12470,2027,13903,MWh
2022/9/13,日,61056,20391,12265,12470,2027,13903,MWh
2022/9/14,日,61056,20391,12265,12470,2027,13903,MWh
2022/9/15,日,61056,20391,12265,12470,2027,13903,MWh
2022/9/16,日,61056,20391,12265,12470,2027,13903,MWh
2022/9/17,日,61056,20391,12265,12470,2027,13903,MWh
2022/9/18,日,61056,20391,12265,12470,2027,13903,MWh
2022/9/19,日,61056,20391,12265,12470,2027,13903,MWh
2022/9/20,日,61056,20391,12265,12470,2027,13903,MWh
2022/9/21,日,61056,20391,12265,12470,2027,13903,MWh
2022/9/22,日,61056,20391,12265,12470,2027,13903,MWh
2022/9/23,日,61056,20391,12265,12470,2027,13903,MWh
2022/9/24,日,61056,20391,12265,12470,2027,13903,MWh
2022/9/25,日,61056,20391,12265,12470,2027,13903,MWh
2022/9/26,日,61056,20391,12265,12470,2027,13903,MWh
2022/9/27,日,61056,20391,12265,12470,2027,13903,MWh
2022/9/28,日,61056,20391,12265,12470,2027,13903,MWh
2022/9/29,日,61056,20391,12265,12470,2027,13903,MWh
2022/9/30,日,61056,20391,12265,12470,2027,13903,MWh
2022/10/1,日,61056,20391,12265,12470,2027,13903,MWh
2022/10/2,日,61056,20391,12265,12470,2027,13903,MWh
2022/10/3,日,61056,20391,12265,12470,2027,13903,MWh
2022/10/4,日,61056,20391,12265,12470,2027,13903,MWh
2022/10/5,日,61056,20391,12265,12470,2027,13903,MWh
2022/10/6,日,61056,20391,12265,12470,2027,13903,MWh
2022/10/7,日,61056,20391,12265,12470,2027,13903,MWh
2022/10/8,日,61056,20391,12265,12470,2027,13903,MWh
2022/10/9,日,61056,20391,12265,12470,2027,13903,MWh
2022/10/10,日,61056,20391,12265,12470,2027,13903,MWh
2022/10/11,日,61559,20417,12303,13158,1834,13846,MWh
2022/10/12,日,61559,20417,12303,13158,1834,13846,MWh
2022/10/13,日,61559,20417,12303,13158,1834,13846,MWh
2022/10/14,日,61559,20417,12303,13158,1834,13846,MWh
2022/10/15,日,61559,20417,12303,13158,1834,13846,MWh
2022/10/16,日,61559,20417,12303,13158,1834,13846,MWh
2022/10/17,日,61559,20417,12303,13158,1834,13846,MWh
2022/10/18,日,61559,20417,12303,13158,1834,13846,MWh
2022/10/19,日,61559,20417,12303,13158,1834,13846,MWh
2022/10/20,日,61559,20417,12303,13158,1834,13846,MWh
2022/10/21,日,61559,20417,12303,13158,1834,13846,MWh
2022/10/22,日,61559,20417,12303,13158,1834,13846,MWh
2022/10/23,日,61559,20417,12303,13158,1834,13846,MWh
2022/10/24,日,61559,20417,12303,13158,1834,13846,MWh
2022/10/25,日,61559,20417,12303,13158,1834,13846,MWh
2022/10/26,日,61559,20417,12303,13158,1834,13846,MWh
2022/10/27,日,61559,20417,12303,13158,1834,13846,MWh
2022/10/28,日,61559,20417,12303,13158,1834,13846,MWh
2022/10/29,日,61559,20417,12303,13158,1834,13846,MWh
2022/10/30,日,61559,20417,12303,13158,1834,13846,MWh
2022/10/31,日,61559,20417,12303,13158,1834,13846,MWh
2022/11/1,日,61559,20417,12303,13158,1834,13846,MWh
2022/11/2,日,61559,20417,12303,13158,1834,13846,MWh
2022/11/3,日,61559,20417,12303,13158,1834,13846,MWh
2022/11/4,日,61559,20417,12303,13158,1834,13846,MWh
2022/11/5,日,61559,20417,12303,13158,1834,13846,MWh
2022/11/6,日,61559,20417,12303,13158,1834,13846,MWh
2022/11/7,日,61559,20417,12303,13158,1834,13846,MWh
2022/11/8,日,61559,20417,12303,13158,1834,13846,MWh
2022/11/9,日,61559,20417,12303,13158,1834,13846,MWh
2022/11/10,日,61559,20417,12303,13158,1834,13846,MWh
2022/11/11,日,61559,20417,12303,13158,1834,13846,MWh
2022/11/12,日,61559,20417,12303,13158,1834,13846,MWh
2022/11/13,日,61559,20417,12303,13158,1834,13846,MWh
2022/11/14,日,61559,20417,12303,13158,1834,13846,MWh
2022/11/15,日,61559,20417,12303,13158,1834,13846,MWh
2022/11/16,日,61559,20417,12303,13158,1834,13846,MWh
2022/11/17,日,63130,20932,13078,13291,1909,13919,MWh
2022/11/18,日,63130,20932,13078,13291,1909,13919,MWh
2022/11/19,日,63130,20932,13078,13291,1909,13919,MWh
2022/11/20,日,63130,20932,13078,13291,1909,13919,MWh
2022/11/21,日,63130,20932,13078,13291,1909,13919,MWh
2022/11/22,日,63130,20932,13078,13291,1909,13919,MWh
2022/11/23,日,63130,20932,13078,13291,1909,13919,MWh
2022/11/24,日,63130,20932,13078,13291,1909,13919,MWh
2022/11/25,日,63130,20932,13078,13291,1909,13919,MWh
2022/11/26,日,63130,20932,13078,13291,1909,13919,MWh
2022/11/27,日,63130,20932,13078,13291,1909,13919,MWh
2022/11/28,日,63130,20932,13078,13291,1909,13919,MWh
2022/11/29,日,63130,20932,13078,13291,1909,13919,MWh
2022/11/30,日,63130,20932,13078,13291,1909,13919,MWh
2022/12/1,日,63130,20932,13078,13291,1909,13919,MWh
2022/12/2,日,63130,20932,13078,13291,1909,13919,MWh
2022/12/3,日,63130,20932,13078,13291,1909,13919,MWh
2022/12/4,日,63130,20932,13078,13291,1909,13919,MWh
2022/12/5,日,63130,20932,13078,13291,1909,13919,MWh
2022/12/6,日,63130,20932,13078,13291,1909,13919,MWh
2022/12/7,日,63130,20932,13078,13291,1909,13919,MWh
2022/12/8,日,64283,21665,13267,13360,2071,13919,MWh
2022/12/9,日,64283,21665,13267,13360,2071,13919,MWh
2022/12/10,日,64283,21665,13267,13360,2071,13919,MWh
2022/12/11,日,64283,21665,13267,13360,2071,13919,MWh
2022/12/12,日,64283,21665,13267,13360,2071,13919,MWh
2022/12/13,日,64283,21665,13267,13360,2071,13919,MWh
2022/12/14,日,64283,21665,13267,13360,2071,13919,MWh
2022/12/15,日,64283,21665,13267,13360,2071,13919,MWh
2022/12/16,日,64283,21665,13267,13360,2071,13919,MWh
2022/12/17,日,64283,21665,13267,13360,2071,13919,MWh
2022/12/18,日,64283,21665,13267,13360,2071,13919,MWh
2022/12/19,日,64283,21665,13267,13360,2071,13919,MWh
2022/12/20,日,64283,21665,13267,13360,2071,13919,MWh
2022/12/21,日,64283,21665,13267,13360,2071,13919,MWh
2022/12/22,日,64283,21665,13267,13360,2071,13919,MWh
2022/12/23,日,64283,21665,13267,13360,2071,13919,MWh
2022/12/24,日,64283,21665,13267,13360,2071,13919,MWh
2022/12/25,日,64283,21665,13267,13360,2071,13919,MWh
2022/12/26,日,64283,21665,13267,13360,2071,13919,MWh
2022/12/27,日,64283,21665,13267,13360,2071,13919,MWh
2022/12/28,日,64283,21665,13267,13360,2071,13919,MWh
2022/12/29,日,64283,21665,13267,13360,2071,13919,MWh
2022/12/30,日,64283,21665,13267,13360,2071,13919,MWh
2022/12/31,日,64283,21665,13267,13360,2071,13919,MWh
2023/1/1,日,64283,21665,13267,13360,2071,13919,MWh
2023/1/2,日,64283,21665,13267,13360,2071,13919,MWh
2023/1/3,日,64283,21665,13267,13360,2071,13919,MWh
2023/1/4,日,64283,21665,13267,13360,2071,13919,MWh
2023/1/5,日,64283,21665,13267,13360,2071,13919,MWh
2023/1/6,日,64283,21665,13267,13360,2071,13919,MWh
2023/1/7,日,67011,22889,14094,13742,2181,14106,MWh
2023/1/8,日,67011,22889,14094,13742,2181,14106,MWh
2023/1/9,日,67011,22889,14094,13742,2181,14106,MWh
2023/1/10,日,67011,22889,14094,13742,2181,14106,MWh
2023/1/11,日,67011,22889,14094,13742,2181,14106,MWh
2023/1/12,日,67011,22889,14094,13742,2181,14106,MWh
2023/1/13,日,67011,22889,14094,13742,2181,14106,MWh
2023/1/14,日,67011,22889,14094,13742,2181,14106,MWh
2023/1/15,日,67011,22889,14094,13742,2181,14106,MWh
2023/1/16,日,67011,22889,14094,13742,2181,14106,MWh
2023/1/17,日,67011,22889,14094,13742,2181,14106,MWh
2023/1/18,日,67011,22889,14094,13742,2181,14106,MWh
2023/1/19,日,67011,22889,14094,13742,2181,14106,MWh
2023/1/20,日,67011,22889,14094,13742,2181,14106,MWh
2023/1/21,日,67011,22889,14094,13742,2181,14106,MWh
2023/1/22,日,67011,22889,14094,13742,2181,14106,MWh
2023/1/23,日,67011,22889,14094,13742,2181,14106,MWh
2023/1/24,日,67011,22889,14094,13742,2181,14106,MWh
2023/1/25,日,67011,22889,14094,13742,2181,14106,MWh
2023/1/26,日,67011,22889,14094,13742,2181,14106,MWh
2023/1/27,日,67011,22889,14094,13742,2181,14106,MWh
2023/1/28,日,67011,22889,14094,13742,2181,14106,MWh
2023/1/29,日,67011,22889,14094,13742,2181,14106,MWh
2023/1/30,日,67011,22889,14094,13742,2181,14106,MWh
2023/1/31,日,67011,22889,14094,13742,2181,14106,MWh
2023/2/1,日,67581,22985,14099,14517,2181,13797,MWh
2023/2/2,日,67581,22985,14099,14517,2181,13797,MWh
2023/2/3,日,67581,22985,14099,14517,2181,13797,MWh
2023/2/4,日,67581,22985,14099,14517,2181,13797,MWh
2023/2/5,日,67581,22985,14099,14517,2181,13797,MWh
2023/2/6,日,67581,22985,14099,14517,2181,13797,MWh
2023/2/7,日,67581,22985,14099,14517,2181,13797,MWh
2023/2/8,日,67581,22985,14099,14517,2181,13797,MWh
2023/2/9,日,67581,22985,14099,14517,2181,13797,MWh
2023/2/10,日,69501,23654,14099,15082,2181,14485,MWh
2023/2/11,日,69501,23654,14099,15082,2181,14485,MWh
2023/2/12,日,69501,23654,14099,15082,2181,14485,MWh
2023/2/13,日,69501,23654,14099,15082,2181,14485,MWh
2023/2/14,日,69501,23654,14099,15082,2181,14485,MWh
2023/2/15,日,69501,23654,14099,15082,2181,14485,MWh
2023/2/16,日,69501,23654,14099,15082,2181,14485,MWh
2023/2/17,日,69501,23654,14099,15082,2181,14485,MWh
2023/2/18,日,69501,23654,14099,15082,2181,14485,MWh
2023/2/19,日,69501,23654,14099,15082,2181,14485,MWh
2023/2/20,日,69501,23654,14099,15082,2181,14485,MWh
2023/2/21,日,69501,23654,14099,15082,2181,14485,MWh
2023/2/22,日,69501,23654,14099,15082,2181,14485,MWh
2023/2/23,日,69501,23654,14099,15082,2181,14485,MWh
2023/2/24,日,69501,23654,14099,15082,2181,14485,MWh
2023/2/25,日,69501,23654,14099,15082,2181,14485,MWh
2023/2/26,日,69501,23654,14099,15082,2181,14485,MWh
2023/2/27,日,69501,23654,14099,15082,2181,14485,MWh
2023/2/28,日,69501,23654,14099,15082,2181,14485,MWh
2023/3/1,日,69501,23654,14099,15082,2181,14485,MWh
2023/3/2,日,69501,23654,14099,15082,2181,14485,MWh
2023/3/3,日,69501,23654,14099,15082,2181,14485,MWh
2023/3/4,日,69501,23654,14099,15082,2181,14485,MWh
2023/3/5,日,69501,23654,14099,15082,2181,14485,MWh
2023/3/6,日,69501,23654,14099,15082,2181,14485,MWh
2023/3/7,日,69501,23654,14099,15082,2181,14485,MWh
2023/3/8,日,69501,23654,14099,15082,2181,14485,MWh
2023/3/9,日,69501,23654,14099,15082,2181,14485,MWh
2023/3/10,日,69501,23654,14099,15082,2181,14485,MWh
2023/3/11,日,69501,23654,14099,15082,2181,14485,MWh
2023/3/12,日,69501,23654,14099,15082,2181,14485,MWh
2023/3/13,日,69501,23654,14099,15082,2181,14485,MWh
2023/3/14,日,69501,23654,14099,15082,2181,14485,MWh
2023/3/15,日,69501,23654,14099,15082,2181,14485,MWh
2023/3/16,日,69501,23654,14099,15082,2181,14485,MWh
2023/3/17,日,69501,23654,14099,15082,2181,14485,MWh
2023/3/18,日,69501,23654,14099,15082,2181,14485,MWh
2023/3/19,日,69501,23654,14099,15082,2181,14485,MWh
2023/3/20,日,69501,23654,14099,15082,2181,14485,MWh
2023/3/21,日,69501,23654,14099,15082,2181,14485,MWh
2023/3/22,日,69501,23654,14099,15082,2181,14485,MWh
2023/3/23,日,69501,23654,14099,15082,2181,14485,MWh
2023/3/24,日,69501,23654,14099,15082,2181,14485,MWh
2023/3/25,日,69501,23654,14099,15082,2181,14485,MWh
2023/3/26,日,69501,23654,14099,15082,2181,14485,MWh
2023/3/27,日,69501,23654,14099,15082,2181,14485,MWh
2023/3/28,日,69501,23654,14099,15082,2181,14485,MWh
2023/3/29,日,69501,23654,14099,15082,2181,14485,MWh
2023/3/30,日,69501,23654,14099,15082,2181,14485,MWh
2023/3/31,日,69501,23654,14099,15082,2181,14485,MWh
2023/4/1,日,69501,23654,14099,15082,2181,14485,MWh
2023/4/2,日,69501,23654,14099,15082,2181,14485,MWh
2023/4/3,日,69501,23654,14099,15082,2181,14485,MWh
2023/4/4,日,69501,23654,14099,15082,2181,14485,MWh
2023/4/5,日,69501,23654,14099,15082,2181,14485,MWh
2023/4/6,日,69501,23654,14099,15082,2181,14485,MWh
2023/4/7,日,69501,23654,14099,15082,2181,14485,MWh
2023/4/8,日,69501,23654,14099,15082,2181,14485,MWh
2023/4/9,日,69501,23654,14099,15082,2181,14485,MWh
2023/4/10,日,69501,23654,14099,15082,2181,14485,MWh
2023/4/11,日,73817,24189,15085,17361,2372,14810,MWh
2023/4/12,日,73817,24189,15085,17361,2372,14810,MWh
2023/4/13,日,73817,24189,15085,17361,2372,14810,MWh
2023/4/14,日,73528,24189,15085,17361,2372,14810,MWh
2023/4/15,日,73528,24189,15085,17361,2372,14810,MWh
2023/4/16,日,73528,24189,15085,17361,2372,14810,MWh
2023/4/17,日,73528,24189,15085,17361,2372,14810,MWh
2023/4/18,日,73528,24189,15085,17361,2372,14810,MWh
2023/4/19,日,73528,24189,15085,17361,2372,14810,MWh
2023/4/20,日,73528,24189,15085,17361,2372,14810,MWh
2023/4/21,日,73528,24189,15085,17361,2372,14810,MWh
2023/4/22,日,73528,24189,15085,17361,2372,14810,MWh
2023/4/23,日,73528,24189,15085,17361,2372,14810,MWh
2023/4/24,日,73528,24189,15085,17361,2372,14810,MWh
2023/4/25,日,73528,24189,15085,17361,2372,14810,MWh
2023/4/26,日,73528,24189,15085,17361,2372,14810,MWh
2023/4/27,日,73528,24189,15085,17361,2372,14810,MWh
2023/4/28,日,73528,24189,15085,17361,2372,14810,MWh
2023/4/29,日,73528,24189,15085,17361,2372,14810,MWh
2023/4/30,日,73528,24189,15085,17361,2372,14810,MWh
2023/5/1,日,73528,24189,15085,17361,2372,14810,MWh
2023/5/2,日,73528,24189,15085,17361,2372,14810,MWh
2023/5/3,日,73528,24189,15085,17361,2372,14810,MWh
2023/5/4,日,73528,24189,15085,17361,2372,14810,MWh
2023/5/5,日,73528,24189,15085,17361,2372,14810,MWh
2023/5/6,日,73528,24189,15085,17361,2372,14810,MWh
2023/5/7,日,73528,24189,15085,17361,2372,14810,MWh
2023/5/8,日,73528,24189,15085,17361,2372,14810,MWh
2023/5/9,日,73528,24189,15085,17361,2372,14810,MWh
2023/5/10,日,73528,24189,15085,17361,2372,14810,MWh
2023/5/11,日,73528,24189,15085,17361,2372,14810,MWh
2023/5/12,日,75946,24449,15600,18601,2371,15214,MWh
2023/5/13,日,75946,24449,15600,18601,2371,15214,MWh
2023/5/14,日,75946,24449,15600,18601,2371,15214,MWh
2023/5/15,日,75946,24449,15600,18601,2371,15214,MWh
2023/5/16,日,75946,24449,15600,18601,2371,15214,MWh
2023/5/17,日,75946,24449,15600,18601,2371,15214,MWh
2023/5/18,日,75946,24449,15600,18601,2371,15214,MWh
2023/5/19,日,75946,24449,15600,18601,2371,15214,MWh
2023/5/20,日,75946,24449,15600,18601,2371,15214,MWh
2023/5/21,日,75946,24449,15600,18601,2371,15214,MWh
2023/5/22,日,75946,24449,15600,18601,2371,15214,MWh
2023/5/23,日,75946,24449,15600,18601,2371,15214,MWh
2023/5/24,日,75946,24449,15600,18601,2371,15214,MWh
2023/5/25,日,75946,24449,15600,18601,2371,15214,MWh
2023/5/26,日,75946,24449,15600,18601,2371,15214,MWh
2023/5/27,日,75946,24449,15600,18601,2371,15214,MWh
2023/5/28,日,75946,24449,15600,18601,2371,15214,MWh
2023/5/29,日,75946,24449,15600,18601,2371,15214,MWh
2023/5/30,日,75946,24449,15600,18601,2371,15214,MWh
2023/5/31,日,75946,24449,15600,18601,2371,15214,MWh
2023/6/1,日,75946,24449,15600,18601,2371,15214,MWh
2023/6/2,日,75946,24449,15600,18601,2371,15214,MWh
2023/6/3,日,75946,24449,15600,18601,2371,15214,MWh
2023/6/4,日,75946,24449,15600,18601,2371,15214,MWh
2023/6/5,日,75946,24449,15600,18601,2371,15214,MWh
2023/6/6,日,75946,24449,15600,18601,2371,15214,MWh
2023/6/7,日,75946,24449,15600,18601,2371,15214,MWh
2023/6/8,日,75946,24449,15600,18601,2371,15214,MWh
2023/6/9,日,75946,24449,15600,18601,2371,15214,MWh
2023/6/10,日,75946,24449,15600,18601,2371,15214,MWh
2023/6/11,日,75946,24449,15600,18601,2371,15214,MWh
2023/6/12,日,77705,24678,16003,19293,2665,15355,MWh
2023/6/13,日,77705,24678,16003,19293,2665,15355,MWh
2023/6/14,日,77705,24678,16003,19293,2665,15355,MWh
2023/6/15,日,77705,24678,16003,19293,2665,15355,MWh
2023/6/16,日,77705,24678,16003,19293,2665,15355,MWh
2023/6/17,日,77705,24678,16003,19293,2665,15355,MWh
2023/6/18,日,77705,24678,16003,19293,2665,15355,MWh
2023/6/19,日,77705,24678,16003,19293,2665,15355,MWh
2023/6/20,日,77705,24678,16003,19293,2665,15355,MWh
2023/6/21,日,77705,24678,16003,19293,2665,15355,MWh
2023/6/22,日,77705,24678,16003,19293,2665,15355,MWh
2023/6/23,日,77705,24678,16003,19293,2665,15355,MWh
2023/6/24,日,77705,24678,16003,19293,2665,15355,MWh
2023/6/25,日,77705,24678,16003,19293,2665,15355,MWh
2023/6/26,日,77705,24678,16003,19293,2665,15355,MWh
2023/6/27,日,77705,24678,16003,19293,2665,15355,MWh
2023/6/28,日,77705,24678,16003,19293,2665,15355,MWh
2023/6/29,日,77705,24678,16003,19293,2665,15355,MWh
2023/6/30,日,77705,24678,16003,19293,2665,15355,MWh
2023/7/1,日,77705,24678,16003,19293,2665,15355,MWh
2023/7/2,日,77705,24678,16003,19293,2665,15355,MWh
2023/7/3,日,77705,24678,16003,19293,2665,15355,MWh
2023/7/4,日,77705,24678,16003,19293,2665,15355,MWh
2023/7/5,日,77705,24678,16003,19293,2665,15355,MWh
2023/7/6,日,77705,24678,16003,19293,2665,15355,MWh
2023/7/7,日,77705,24678,16003,19293,2665,15355,MWh
2023/7/8,日,77705,24678,16003,19293,2665,15355,MWh
2023/7/9,日,77705,24678,16003,19293,2665,15355,MWh
2023/7/10,日,77705,24678,16003,19293,2665,15355,MWh
2023/7/11,日,77705,24678,16003,19293,2665,15355,MWh
2023/7/12,日,77705,24678,16003,19293,2665,15355,MWh
2023/7/13,日,77705,24678,16003,19293,2665,15355,MWh
2023/7/14,日,80391,25080,16401,20879,2758,15562,MWh
2023/7/15,日,80681,25080,16401,20879,2758,15562,MWh
2023/7/16,日,80681,25080,16401,20879,2758,15562,MWh
2023/7/17,日,80681,25080,16401,20879,2758,15562,MWh
2023/7/18,日,80681,25080,16401,20879,2758,15562,MWh
2023/7/19,日,80681,25080,16401,20879,2758,15562,MWh
2023/7/20,日,80681,25080,16401,20879,2758,15562,MWh
2023/7/21,日,80681,25080,16401,20879,2758,15562,MWh
2023/7/22,日,80681,25080,16401,20879,2758,15562,MWh
2023/7/23,日,80681,25080,16401,20879,2758,15562,MWh
2023/7/24,日,80681,25080,16401,20879,2758,15562,MWh
2023/7/25,日,80681,25080,16401,20879,2758,15562,MWh
2023/7/26,日,80681,25080,16401,20879,2758,15562,MWh
2023/7/27,日,80681,25080,16401,20879,2758,15562,MWh
2023/7/28,日,80681,25080,16401,20879,2758,15562,MWh
2023/7/29,日,80681,25080,16401,20879,2758,15562,MWh
2023/7/30,日,80681,25080,16401,20879,2758,15562,MWh
2023/7/31,日,80681,25080,16401,20879,2758,15562,MWh
2023/8/1,日,80681,25080,16401,20879,2758,15562,MWh
2023/8/2,日,80681,25080,16401,20879,2758,15562,MWh
2023/8/3,日,80681,25080,16401,20879,2758,15562,MWh
2023/8/4,日,80681,25080,16401,20879,2758,15562,MWh
2023/8/5,日,80681,25080,16401,20879,2758,15562,MWh
2023/8/6,日,80681,25080,16401,20879,2758,15562,MWh
2023/8/7,日,80681,25080,16401,20879,2758,15562,MWh
2023/8/8,日,80681,25080,16401,20879,2758,15562,MWh
2023/8/9,日,80681,25080,16401,20879,2758,15562,MWh
2023/8/10,日,84254,25502,16833,23201,2901,15818,MWh
2023/8/11,日,84254,25502,16833,23201,2901,15818,MWh
2023/8/12,日,84254,25502,16833,23201,2901,15818,MWh
2023/8/13,日,84254,25502,16833,23201,2901,15818,MWh
2023/8/14,日,84254,25502,16833,23201,2901,15818,MWh
2023/8/15,日,84254,25502,16833,23201,2901,15818,MWh
2023/8/16,日,84254,25502,16833,23201,2901,15818,MWh
2023/8/17,日,84254,25502,16833,23201,2901,15818,MWh
2023/8/18,日,84254,25502,16833,23201,2901,15818,MWh
2023/8/19,日,84254,25502,16833,23201,2901,15818,MWh
2023/8/20,日,84254,25502,16833,23201,2901,15818,MWh
2023/8/21,日,84254,25502,16833,23201,2901,15818,MWh
2023/8/22,日,84254,25502,16833,23201,2901,15818,MWh
2023/8/23,日,84254,25502,16833,23201,2901,15818,MWh
2023/8/24,日,84254,25502,16833,23201,2901,15818,MWh
2023/8/25,日,84254,25502,16833,23201,2901,15818,MWh
2023/8/26,日,84254,25502,16833,23201,2901,15818,MWh
2023/8/27,日,84254,25502,16833,23201,2901,15818,MWh
2023/8/28,日,84254,25502,16833,23201,2901,15818,MWh
2023/8/29,日,84254,25502,16833,23201,2901,15818,MWh
2023/8/30,日,84254,25502,16833,23201,2901,15818,MWh
2023/8/31,日,84254,25502,16833,23201,2901,15818,MWh
2023/9/1,日,84254,25502,16833,23201,2901,15818,MWh
2023/9/2,日,84254,25502,16833,23201,2901,15818,MWh
2023/9/3,日,84254,25502,16833,23201,2901,15818,MWh
2023/9/4,日,84254,25502,16833,23201,2901,15818,MWh
2023/9/5,日,84254,25502,16833,23201,2901,15818,MWh
2023/9/6,日,84254,25502,16833,23201,2901,15818,MWh
2023/9/7,日,84254,25502,16833,23201,2901,15818,MWh
2023/9/8,日,84254,25502,16833,23201,2901,15818,MWh
2023/9/9,日,84254,25502,16833,23201,2901,15818,MWh
2023/9/10,日,84254,25502,16833,23201,2901,15818,MWh
2023/9/11,日,84254,25502,16833,23201,2901,15818,MWh
2023/9/12,日,84254,25502,16833,23201,2901,15818,MWh
2023/9/13,日,86390,26022,17228,24231,2976,15933,MWh
2023/9/27,日,86390,26022,17228,24231,2976,15933,MWh
2023/10/31,日,87179,26035,17632,24587,2976,15949,MWh
2023/11/13,日,88224,26134,17914,25251,2976,15949,MWh
2023/11/28,日,88224,26134,17914,25251,2976,15949,MWh
2023/11/29,日,88224,26134,17914,25251,2976,15949,MWh
2023/11/30,日,88224,26134,17914,25251,2976,15949,MWh
2023/12/1,日,88224,26134,17914,25251,2976,15949,MWh
2023/12/2,日,88224,26134,17914,25251,2976,15949,MWh
2023/12/3,日,88224,26134,17914,25251,2976,15949,MWh
2023/12/4,日,88224,26134,17914,25251,2976,15949,MWh
2023/12/5,日,88224,26134,17914,25251,2976,15949,MWh
2023/12/6,日,89778,26533,18299,26008,2976,15962,MWh
2023/12/7,日,89778,26533,18299,26008,2976,15962,MWh
2023/12/8,日,89778,26533,18299,26008,2976,15962,MWh
2023/12/9,日,89778,26533,18299,26008,2976,15962,MWh
2023/12/11,日,89778,26533,18299,26008,2976,15962,MWh
2023/12/12,日,89778,26533,18299,26008,2976,15962,MWh
2023/12/13,日,89778,26533,18299,26008,2976,15962,MWh
2023/12/16,日,89778,26533,18299,26008,2976,15962,MWh
2023/12/17,日,89778,26533,18299,26008,2976,15962,MWh
2023/12/19,日,89778,26533,18299,26008,2976,15962,MWh
2023/12/20,日,89778,26533,18299,26008,2976,15962,MWh
2023/12/21,日,89778,26533,18299,26008,2976,15962,MWh
2023/12/22,日,89778,26533,18299,26008,2976,15962,MWh
2023/12/23,日,89778,26533,18299,26008,2976,15962,MWh
2023/12/24,日,89778,26533,18299,26008,2976,15962,MWh
2023/12/25,日,91106,26762,18659,26648,2988,16049,MWh
2023/12/26,日,91106,26762,18659,26648,2988,16049,MWh
2023/12/27,日,91106,26762,18659,26648,2988,16049,MWh
2023/12/28,日,91106,26762,18659,26648,2988,16049,MWh
2023/12/29,日,91106,26762,18659,26648,2988,16049,MWh
2023/12/30,日,91106,26762,18659,26648,2988,16049,MWh
2023/12/31,日,91106,26762,18659,26648,2988,16049,MWh
2024/1/1,日,91106,26762,18659,26648,2988,16049,MWh
2024/1/2,日,91106,26762,18659,26648,2988,16049,MWh
2024/1/3,日,91106,26762,18659,26648,2988,16049,MWh
2024/1/4,日,91106,26762,18659,26648,2988,16049,MWh
2024/1/5,日,95316,29207,19785,27207,2988,16129,MWh
2024/1/6,日,95316,29207,19785,27207,2988,16129,MWh
2024/1/7,日,95316,29207,19785,27207,2988,16129,MWh
2024/1/8,日,95316,29207,19785,27207,2988,16129,MWh
2024/1/9,日,95364,29208,19785,27207,2988,16176,MWh
2024/1/10,日,96894,29816,19920,27783,3108,16267,MWh
2024/1/12,日,96894,29816,19920,27783,3108,16267,MWh
2024/1/13,日,96894,29816,19920,27783,3108,16267,MWh
2024/1/14,日,96894,29816,19920,27783,3108,16267,MWh
2024/1/15,日,96894,29816,19920,27783,3108,16267,MWh
2024/1/16,日,96894,29816,19920,27783,3108,16267,MWh
2024/1/17,日,96894,29816,19920,27783,3108,16267,MWh
2024/1/18,日,96894,29816,19920,27783,3108,16267,MWh
2024/1/19,日,96894,29816,19920,27783,3108,16267,MWh
2024/1/20,日,96894,29816,19920,27783,3108,16267,MWh
2024/1/21,日,96894,29816,19920,27783,3108,16267,MWh
2024/1/22,日,96894,29816,19920,27783,3108,16267,MWh
2024/1/23,日,96894,29816,19920,27783,3108,16267,MWh
2024/1/24,日,96894,29816,19920,27783,3108,16267,MWh
2024/1/25,日,96894,29816,19920,27783,3108,16267,MWh
2024/1/26,日,96894,29816,19920,27783,3108,16267,MWh
2024/1/27,日,96894,29816,19920,27783,3108,16267,MWh
2024/1/28,日,96894,29816,19920,27783,3108,16267,MWh
2024/1/29,日,96894,29816,19920,27783,3108,16267,MWh
2024/1/30,日,96894,29816,19920,27783,3108,16267,MWh
2024/2/8,日,96857,29815,19931,27783,3108,16220,MWh
2024/2/10,日,96857,29815,19931,27783,3108,16220,MWh
2024/2/11,日,96857,29815,19931,27783,3108,16220,MWh
2024/2/12,日,96857,29815,19931,27783,3108,16220,MWh
2024/2/13,日,96857,29815,19931,27783,3108,16220,MWh
2024/2/14,日,96857,29815,19931,27783,3108,16220,MWh
2024/2/15,日,98519,30080,20321,28535,3292,16290,MWh
2024/2/16,日,98519,30080,20321,28535,3292,16290,MWh
2024/2/17,日,98519,30080,20321,28535,3292,16290,MWh
2024/2/18,日,98519,30080,20321,28535,3292,16290,MWh
2024/2/19,日,98519,30080,20321,28535,3292,16290,MWh
2024/2/20,日,99430,30081,20894,28727,3292,16435,MWh
2024/2/21,日,99430,30081,20894,28727,3292,16435,MWh
2024/2/22,日,99430,30081,20894,28727,3292,16435,MWh
2024/2/23,日,99430,30081,20894,28727,3292,16435,MWh
2024/2/24,日,99430,30081,20894,28727,3292,16435,MWh
2024/2/25,日,99430,30081,20894,28727,3292,16435,MWh
2024/2/27,日,99430,30081,20894,28727,3292,16435,MWh
2024/2/28,日,99430,30081,20894,28727,3292,16435,MWh
2024/2/29,日,99430,30081,20894,28727,3292,16435,MWh
2024/3/1,日,99430,30081,20894,28727,3292,16435,MWh
2024/3/2,日,99430,30081,20894,28727,3292,16435,MWh
2024/3/3,日,99430,30081,20894,28727,3292,16435,MWh
2024/3/4,日,99430,30081,20894,28727,3292,16435,MWh
2024/3/5,日,99430,30081,20894,28727,3292,16435,MWh
2024/3/6,日,99430,30081,20894,28727,3292,16435,MWh
2024/3/7,日,99620,30080,21011,28765,3292,16471,MWh
2024/3/8,日,99620,30080,21011,28765,3292,16471,MWh
2024/3/9,日,99620,30080,21011,28765,3292,16471,MWh
2024/3/10,日,99620,30080,21011,28765,3292,16471,MWh
2024/3/11,日,99633,30080,21011,28765,3292,16484,MWh
2024/3/12,日,99636,30080,21011,28765,3292,16487,MWh
2024/3/13,日,105813,30564,21857,32421,3445,17526,MWh
2024/3/14,日,105813,30564,21857,32421,3445,17526,MWh
2024/3/15,日,105813,30564,21857,32421,3445,17526,MWh
2024/3/16,日,105813,30564,21857,32421,3445,17526,MWh
2024/3/17,日,106038,30677,21857,32418,3445,17642,MWh
2024/3/18,日,106032,30671,21857,32418,3445,17642,MWh
2024/3/19,日,120872,40792,23486,33348,5286,17960,MWh
2024/3/20,日,120872,40792,23486,33348,5286,17960,MWh
2024/3/21,日,120903,40792,23486,33374,5286,17965,MWh
2024/3/22,日,120903,40792,23486,33374,5286,17965,MWh
2024/3/23,日,120903,40792,23486,33374,5286,17965,MWh
2024/3/24,日,120903,40792,23486,33374,5286,17965,MWh
2024/3/25,日,120900,40792,23486,33374,5286,17962,MWh
2024/3/26,日,120900,40792,23486,33374,5286,17962,MWh
2024/3/27,日,120912,40792,23486,33374,5286,17974,MWh
2024/3/28,日,120912,40792,23486,33374,5286,17974,MWh
2024/3/29,日,120912,40792,23486,33374,5286,17974,MWh
2024/3/30,日,120912,40792,23486,33374,5286,17974,MWh
2024/3/31,日,120912,40792,23486,33374,5286,17974,MWh
2024/4/1,日,120931,40792,23486,33393,5286,17974,MWh
2024/4/2,日,121003,40792,23486,33393,5286,18046,MWh
2024/4/3,日,121010,40792,23486,33393,5286,18053,MWh
2024/4/4,日,121866,41548,23809,33557,4909,18043,MWh
2024/4/5,日,121866,41548,23809,33557,4909,18043,MWh
2024/4/6,日,121866,41548,23809,33557,4909,18043,MWh
2024/4/7,日,122012,41548,23955,33557,4909,18043,MWh
2024/4/8,日,122016,41548,23955,33557,4909,18047,MWh
2024/4/9,日,122016,41548,23955,33557,4909,18047,MWh
2024/4/10,日,122016,41548,23955,33557,4909,18047,MWh
2024/4/11,日,122016,41548,23955,33557,4909,18047,MWh
2024/4/12,日,122023,41548,23955,33564,4909,18047,MWh
2024/4/13,日,122023,41548,23955,33564,4909,18047,MWh
2024/4/14,日,122023,41548,23955,33564,4909,18047,MWh
2024/4/15,日,122036,41548,23955,33564,4909,18060,MWh
2024/4/16,日,122036,41548,23955,33564,4909,18060,MWh
2024/4/17,日,122036,41548,23955,33564,4909,18060,MWh
2024/4/18,日,122040,41548,23955,33564,4909,18064,MWh
2024/4/19,日,122040,41548,23955,33564,4909,18064,MWh
2024/4/20,日,122040,41548,23955,33564,4909,18064,MWh
2024/4/21,日,122040,41548,23955,33564,4909,18064,MWh
2024/4/22,日,122072,41548,23955,33564,4909,18096,MWh
2024/4/23,日,122072,41548,23955,33564,4909,18096,MWh
2024/4/24,日,122089,41548,23955,33564,4909,18113,MWh
2024/4/25,日,132468,44432,25345,37669,5375,19638,MWh
2024/4/26,日,132509,44432,25345,37678,5382,19663,MWh
2024/4/27,日,132509,44432,25345,37678,5382,19663,MWh
2024/4/28,日,132509,44432,25345,37678,5382,19663,MWh
2024/4/29,日,132608,44531,25345,37678,5382,19663,MWh
2024/4/30,日,132629,44533,25345,37678,5382,19682,MWh
2024/5/1,日,132649,44533,25345,37678,5382,19702,MWh
2024/5/2,日,134473,44619,26591,37908,5633,19713,MWh
2024/5/3,日,132577,44464,25342,37681,5386,19703,MWh
2024/5/4,日,132577,44464,25342,37681,5386,19703,MWh
2024/5/5,日,133923,45140,25935,37689,5456,19703,MWh
2024/5/6,日,133576,44719,25992,37622,5557,19686,MWh
2024/5/7,日,133576,44719,25992,37622,5557,19686,MWh
2024/5/8,日,133693,44768,25992,37690,5557,19686,MWh
2024/5/9,日,133876,44855,25992,37690,5592,19747,MWh
2024/5/10,日,133876,44855,25992,37690,5592,19747,MWh
2024/5/11,日,133876,44855,25992,37690,5592,19747,MWh
2024/5/12,日,133839,44817,25992,37690,5592,19747,MWh
2024/5/13,日,133846,44825,25992,37690,5592,19747,MWh
2024/5/14,日,133881,44825,25992,37690,5592,19781,MWh
2024/5/15,日,133899,44825,25992,37690,5592,19799,MWh
2024/5/16,日,133904,44820,25992,37690,5592,19809,MWh
2024/5/17,日,133904,44820,25992,37690,5592,19809,MWh
2024/5/18,日,133904,44820,25992,37690,5592,19809,MWh
