时间,时间维度,南方电网,广东,广西,云南,广州,深圳,海南,贵州,指标单位
2021-01-01,日,149096,70110,24225,27988,10664,8871,4574,24749,MW
2021-01-02,日,169104,86626,25439,27664,11880,10635,4769,25386,MW
2021-01-03,日,174258,89839,25642,28863,12509,11407,4810,26224,MW
2021-01-04,日,181353,95784,26003,28207,12978,12487,4887,26395,MW
2021-01-05,日,180905,95496,25937,28201,12953,12538,4865,26654,MW
2021-01-06,日,182584,95633,26688,28023,12969,12541,4803,26933,MW
2021-01-07,日,190409,100019,28942,28329,13861,12898,4869,27790,MW
2021-01-08,日,198629,105187,30417,30131,14737,13632,5046,27592,MW
2021-01-09,日,193151,101189,30067,29193,14067,13089,5146,27161,MW
2021-01-10,日,187063,95503,29167,29696,13848,12129,5157,27229,MW
2021-01-11,日,197390,105257,29501,31306,15490,14062,5372,27268,MW
2021-01-12,日,192087,102122,28013,30822,14829,13601,5270,26069,MW
2021-01-13,日,188516,100069,27274,29812,14132,13518,5119,26058,MW
2021-01-14,日,183936,98172,26480,29288,13662,13108,4978,25075,MW
2021-01-15,日,179015,95127,25555,28736,12905,12733,4797,24370,MW
2021-01-16,日,175992,91378,25434,28777,12267,12215,4752,25556,MW
2021-01-17,日,174426,85904,26758,30792,11899,11238,4744,26031,MW
2021-01-18,日,180225,94755,26303,29371,13070,12798,4842,25095,MW
2021-01-19,日,177259,93596,25619,28605,12759,12649,4862,23872,MW
2021-01-20,日,175098,91697,25186,28563,12536,12558,4806,24404,MW
2021-01-21,日,173385,91320,24830,28329,12361,12521,4775,25270,MW
2021-01-22,日,169785,90063,24345,28336,12224,12492,4709,24100,MW
2021-01-23,日,165930,86543,23834,27811,11718,11938,4678,23039,MW
2021-01-24,日,157076,80483,23296,26911,11069,11018,4613,22575,MW
2021-01-25,日,164512,85972,23550,27348,11834,12251,4639,24109,MW
2021-01-26,日,162469,83917,23819,26921,11544,12113,4576,24362,MW
2021-01-27,日,160833,82170,23335,26851,11288,11700,4533,24737,MW
2021-01-28,日,160222,81232,23500,27900,11326,11545,4526,24215,MW
2021-01-29,日,156229,79719,23247,27129,10987,11307,4501,23778,MW
2021-01-30,日,153050,75785,22653,26583,10400,10711,4536,23411,MW
2021-01-31,日,145214,69607,22123,26464,9829,9833,4488,23393,MW
2021-02-01,日,148895,73385,22003,26022,10553,10797,4504,23020,MW
2021-02-02,日,146250,72256,21509,25856,10534,10589,4488,23020,MW
2021-02-03,日,142807,69515,21250,25303,10270,10173,4436,22332,MW
2021-02-04,日,138419,67369,20518,25081,9976,9777,4454,21495,MW
2021-02-05,日,135080,64099,20195,25206,9672,9273,4439,21962,MW
2021-02-06,日,129622,60485,19844,24428,9163,8558,4374,19914,MW
2021-02-07,日,127133,57981,19273,25325,8835,8283,4323,20739,MW
2021-02-08,日,124806,55905,19143,25782,8461,8018,4245,20993,MW
2021-02-09,日,121802,53400,19397,24661,7979,7425,4229,20478,MW
2021-02-10,日,114645,50146,18123,24168,7477,6784,4137,19027,MW
2021-02-11,日,104437,44037,17105,23478,6665,5694,3963,19403,MW
2021-02-12,日,100129,43235,16234,21790,6492,5658,3843,16129,MW
2021-02-13,日,100566,43168,16292,21943,6470,5877,3825,16869,MW
2021-02-14,日,101697,45080,16613,22291,6703,6103,3930,16267,MW
2021-02-15,日,106955,47999,16891,21913,7034,6736,3992,16468,MW
2021-02-16,日,110969,49930,17589,23100,7367,6994,4089,17776,MW
2021-02-17,日,116124,52459,18052,24139,7732,7514,4133,17955,MW
2021-02-18,日,122315,55889,18624,24746,8394,8174,4208,19479,MW
2021-02-19,日,128187,60462,19171,25182,9027,8943,4246,19751,MW
2021-02-20,日,131568,63923,19274,25581,9461,9430,4258,19249,MW
2021-02-21,日,132252,65301,19228,25140,9689,9437,4285,18678,MW
2021-02-22,日,139418,72621,19617,25478,10750,10764,4339,18497,MW
2021-02-23,日,142804,75920,20234,25541,11036,11180,4331,17853,MW
2021-02-24,日,144727,77792,20162,25475,11221,11410,4391,17782,MW
2021-02-25,日,147202,79283,20595,26043,11258,11536,4376,18500,MW
2021-02-26,日,147229,78329,20336,26181,11249,11539,4208,20103,MW
2021-02-27,日,151503,78827,22084,26542,10839,10876,4351,20400,MW
2021-02-28,日,145810,74269,22029,26061,10640,9983,4411,20581,MW
2021-03-01,日,159248,85206,22421,26484,11813,12117,4530,21784,MW
2021-03-02,日,161940,86738,22760,26731,11844,11919,4410,22097,MW
2021-03-03,日,165334,88255,23819,26754,12080,12035,4430,22371,MW
2021-03-04,日,166141,90402,24160,26970,12234,12079,4497,22295,MW
2021-03-05,日,166757,91049,23567,26850,12437,12275,4616,21852,MW
2021-03-06,日,164479,89914,23098,26986,12115,11811,4552,21831,MW
2021-03-07,日,154724,80847,22968,27122,11131,10360,4448,22273,MW
2021-03-08,日,165630,90353,23562,26503,12196,12269,4502,22221,MW
2021-03-09,日,169735,91979,24256,27073,12560,12407,4547,22731,MW
2021-03-10,日,168407,91952,23814,26734,12573,12393,4613,22630,MW
2021-03-11,日,169751,93231,23917,26788,12632,12631,4657,21932,MW
2021-03-12,日,169886,94591,23333,26776,12958,12927,4643,21545,MW
2021-03-13,日,164739,91529,23126,26940,12025,11991,4610,20569,MW
2021-03-14,日,153530,81650,22532,26640,11383,10526,4537,19606,MW
2021-03-15,日,168187,93929,23717,26735,12943,12930,4636,19190,MW
2021-03-16,日,168658,95363,23541,26579,13012,13212,4697,18692,MW
2021-03-17,日,169597,98146,23583,26809,13353,13691,4720,18240,MW
2021-03-18,日,170657,99408,23534,26362,13843,13858,4763,18222,MW
2021-03-19,日,172998,100000,23892,26542,13716,14052,4792,19044,MW
2021-03-20,日,172232,97375,23906,26901,13030,13212,4767,20308,MW
2021-03-21,日,159905,83519,24043,27790,11079,10355,4448,21710,MW
2021-03-22,日,173225,93892,24616,27996,12563,12259,4433,21883,MW
2021-03-23,日,170457,94870,24752,27535,12649,12357,4523,20695,MW
2021-03-24,日,168484,94339,24011,26793,12735,12562,4560,19805,MW
2021-03-25,日,170662,95146,24224,26837,12793,12722,4604,20407,MW
2021-03-26,日,170411,95239,23751,26900,12889,12877,4708,20216,MW
2021-03-27,日,168756,94632,23917,26527,12522,12567,4708,19613,MW
2021-03-28,日,162004,89242,24126,27434,12292,11437,4696,19060,MW
2021-03-29,日,174693,102364,24136,26818,14105,14299,4864,18463,MW
2021-03-30,日,178751,105143,24151,26893,14623,14843,4995,18362,MW
2021-03-31,日,176033,103523,24221,26537,14400,14693,5010,18186,MW
2021-04-01,日,177376,104921,24047,26207,14553,15062,4924,18945,MW
2021-04-02,日,178833,105594,24073,25970,14744,14962,4836,19527,MW
2021-04-03,日,161307,91598,22491,25760,12503,12023,4696,18882,MW
2021-04-04,日,135867,72263,20231,25556,10251,9707,4515,19050,MW
2021-04-05,日,158897,85519,22173,26518,11544,11203,4623,20809,MW
2021-04-06,日,173780,100052,22986,26808,13606,14133,4553,20667,MW
2021-04-07,日,172014,99829,23283,25367,13653,13848,4671,20543,MW
2021-04-08,日,172254,98967,22883,26029,13136,13385,4701,21743,MW
2021-04-09,日,169690,95414,23646,26235,12773,12695,4528,22591,MW
2021-04-10,日,168420,94209,23275,26075,12574,12491,4542,21059,MW
2021-04-11,日,162935,89121,23315,26348,12274,11326,4533,21411,MW
2021-04-12,日,177070,103055,23554,26471,14322,14515,4691,20530,MW
2021-04-13,日,179526,106703,23581,26909,14844,15127,4758,20805,MW
2021-04-14,日,177496,105813,22093,26404,14879,14989,4768,20196,MW
2021-04-15,日,173018,101393,22679,25833,14260,13886,4872,19811,MW
2021-04-16,日,175509,100353,22899,27738,13771,14072,4832,19649,MW
2021-04-17,日,174010,96757,22927,29010,12728,12936,4641,19503,MW
2021-04-18,日,158016,85497,22473,25894,11791,10851,4541,20953,MW
2021-04-19,日,167214,97086,22519,26067,13184,13213,4797,19919,MW
2021-04-20,日,170061,97784,22558,26225,13257,13496,4762,18655,MW
2021-04-21,日,174515,102895,23006,26330,14093,14425,4816,18564,MW
2021-04-22,日,176118,105774,23385,26334,14679,15069,4881,17288,MW
2021-04-23,日,179905,109998,23577,26463,15667,15972,5006,17871,MW
2021-04-24,日,176781,105741,23388,26392,14626,14575,5043,18159,MW
2021-04-25,日,174562,101507,22781,27234,14629,13915,5151,18805,MW
2021-04-26,日,172246,100954,22186,26464,13696,13872,4746,18388,MW
2021-04-27,日,171533,101027,22398,26777,13597,13892,4687,18369,MW
2021-04-28,日,174065,101651,22445,27085,13644,14204,4800,18457,MW
2021-04-29,日,168297,97837,22606,26370,13138,13983,4451,17914,MW
2021-04-30,日,165279,96207,22707,26454,13084,13841,4572,17409,MW
2021-05-01,日,136983,69523,21746,25592,10940,9819,4585,16363,MW
2021-05-02,日,144595,77251,21847,25584,11147,10109,4657,16598,MW
2021-05-03,日,155580,87124,22700,25680,11825,10962,4791,16804,MW
2021-05-04,日,170048,100829,22019,26150,13179,13704,4947,16925,MW
2021-05-05,日,173135,103092,22210,26642,13928,14398,4985,17737,MW
2021-05-06,日,177208,107211,23252,25885,14887,15483,5110,17479,MW
2021-05-07,日,185282,112601,23971,26569,15921,16250,5092,17612,MW
2021-05-08,日,187085,114556,24218,26479,16270,16734,5115,17806,MW
2021-05-09,日,179229,107168,24203,26725,15305,14597,5125,17448,MW
2021-05-10,日,192071,117868,25141,26173,17180,17487,5386,17325,MW
2021-05-11,日,192984,119907,25647,25954,17543,17955,5536,17393,MW
2021-05-12,日,195845,121163,25454,26260,17864,18409,5621,17071,MW
2021-05-13,日,192292,122047,24329,25242,18107,18327,5715,18307,MW
2021-05-14,日,194786,121277,25438,25832,17949,18231,5681,18030,MW
2021-05-15,日,190748,118777,25955,25149,16868,17368,5662,18389,MW
2021-05-16,日,186130,113672,25949,25386,16714,15382,5753,18695,MW
2021-05-17,日,198244,124167,25198,26460,18710,19057,5979,18352,MW
2021-05-18,日,197895,123673,24487,25841,18619,19016,5984,18586,MW
2021-05-19,日,195440,122514,25206,25474,18383,19095,6032,18503,MW
2021-05-20,日,194250,122082,24146,24320,18392,19321,5907,18889,MW
2021-05-21,日,197468,123952,25452,24200,18771,19422,5994,18665,MW
2021-05-22,日,196063,124543,25936,23781,18502,18579,5966,18647,MW
2021-05-23,日,189956,120123,25642,23797,17997,16653,5909,18524,MW
2021-05-24,日,192296,122120,23683,23326,18342,19345,6120,18586,MW
2021-05-25,日,185193,117033,24358,22709,17855,18371,5618,18278,MW
2021-05-26,日,188814,117086,25531,22698,17449,18641,5643,18611,MW
2021-05-27,日,191300,121516,24584,22140,18164,19321,5528,18647,MW
2021-05-28,日,194859,124399,25265,22108,18752,19611,5682,18982,MW
2021-05-29,日,192160,121635,26148,22498,17768,18467,5714,18673,MW
2021-05-30,日,183726,115271,24543,22438,16499,16217,5973,18906,MW
2021-05-31,日,189948,118210,24741,22658,17681,19203,6195,18536,MW
2021-06-01,日,182291,111449,23955,22598,16430,17745,6413,18634,MW
2021-06-02,日,180680,110468,24027,22638,15577,17461,6474,19111,MW
2021-06-03,日,191625,119749,25303,22954,17002,18876,6409,18286,MW
2021-06-04,日,181746,113766,22251,22803,15369,18050,5928,18683,MW
2021-06-05,日,175128,105430,23565,23394,13565,15496,5012,18743,MW
2021-06-06,日,174001,103540,24009,23310,14108,14240,5120,19160,MW
2021-06-07,日,188048,117261,25360,23241,16661,17637,5021,19052,MW
2021-06-08,日,193117,119245,26302,23272,17040,18061,5083,19305,MW
2021-06-09,日,193335,119786,26701,23014,17516,17796,4942,19365,MW
2021-06-10,日,193632,121124,26240,22593,17526,18391,5088,18788,MW
2021-06-11,日,192908,121709,25988,22161,17340,18627,4842,19089,MW
2021-06-12,日,185014,113639,25695,23135,15837,15880,4625,19430,MW
2021-06-13,日,173452,101327,24833,24104,14521,13899,4611,18816,MW
2021-06-14,日,154564,84427,24474,23588,12989,12659,4665,18472,MW
2021-06-15,日,195890,120725,26440,25011,17069,18674,5195,19630,MW
2021-06-16,日,200867,124496,27499,25752,17733,19021,5524,20033,MW
2021-06-17,日,206157,126707,28228,25829,18074,19539,5542,19947,MW
2021-06-18,日,208820,130090,28862,26059,18542,19882,5595,18422,MW
2021-06-19,日,208607,130129,29458,26078,18369,19151,5810,19178,MW
2021-06-20,日,199314,123208,29666,25440,17448,17370,6053,19252,MW
2021-06-21,日,210852,131556,27318,25784,19436,20355,6254,19301,MW
2021-06-22,日,194732,118732,27570,25503,16533,17651,6345,19574,MW
2021-06-23,日,191879,115826,25671,24656,15983,17582,6214,19561,MW
2021-06-24,日,187865,112399,25430,24913,15768,16198,5761,19573,MW
2021-06-25,日,191665,115224,25336,25029,16640,16632,5723,19804,MW
2021-06-26,日,189014,114277,25602,25010,16233,16126,5436,19603,MW
2021-06-27,日,182428,107205,26758,25493,15688,14890,5705,18497,MW
2021-06-28,日,194901,117886,26793,24815,17766,17256,6028,18888,MW
2021-06-29,日,194195,120304,25416,23784,17582,17877,6002,18832,MW
2021-06-30,日,192799,119254,24632,24559,17671,18127,6087,18488,MW
2021-07-01,日,193225,119704,25726,24328,17777,18619,6114,18168,MW
2021-07-02,日,199540,125368,26391,24341,18285,19079,6308,18851,MW
2021-07-03,日,198468,124256,26603,25110,17684,18241,6162,18969,MW
2021-07-04,日,187356,114008,26839,24600,16591,15733,5972,19693,MW
2021-07-05,日,207377,129252,28312,26092,18905,19434,6068,19392,MW
2021-07-06,日,208266,128849,28289,26396,19177,19127,5591,19763,MW
2021-07-07,日,205436,127033,27853,25956,18701,18837,4968,19971,MW
2021-07-08,日,204572,127823,27415,26051,18452,19360,5050,20024,MW
2021-07-09,日,208304,129588,28333,26205,18692,19516,5201,19781,MW
2021-07-10,日,202921,126580,28586,26053,17781,18322,5226,19790,MW
2021-07-11,日,189517,113711,28599,26091,16817,15755,5286,19932,MW
2021-07-12,日,213902,131957,29704,27116,19516,19820,5403,20463,MW
2021-07-13,日,216188,132830,30185,27284,19538,19982,5575,20767,MW
2021-07-14,日,212002,133741,29029,25504,19600,19962,5663,20483,MW
2021-07-15,日,209881,132675,28232,24368,19645,19811,5631,20697,MW
2021-07-16,日,205851,128562,28032,24194,18882,19111,5462,20515,MW
2021-07-17,日,193633,119773,27288,23299,16873,17269,5467,19489,MW
2021-07-18,日,181015,109132,26926,22963,15824,14729,5365,19957,MW
2021-07-19,日,195590,120743,26156,23005,17954,17318,5610,20460,MW
2021-07-20,日,191252,116675,26464,23022,17167,16108,5415,20374,MW
2021-07-21,日,189015,114269,25540,23809,16613,16416,5073,20518,MW
2021-07-22,日,195414,121565,25258,23979,17695,18169,4898,20577,MW
2021-07-23,日,204696,128417,27116,23845,18748,19381,4935,20549,MW
2021-07-24,日,200930,127514,27258,24058,18606,18376,4870,20401,MW
2021-07-25,日,187635,116869,26733,23184,17809,15765,4892,20270,MW
2021-07-26,日,208800,133083,27661,23920,20035,19793,5163,20760,MW
2021-07-27,日,208795,135132,26337,22661,20783,20382,5378,20206,MW
2021-07-28,日,206975,133290,24451,23099,20412,20088,5616,20503,MW
2021-07-29,日,202281,128796,24561,22715,19683,19464,5343,20515,MW
2021-07-30,日,196128,122710,26036,22843,18792,18273,5594,20838,MW
2021-07-31,日,193526,119957,24162,23011,17659,17752,5572,21120,MW
2021-08-01,日,177644,110660,23922,22241,16873,15518,5329,20428,MW
2021-08-02,日,197372,125174,24461,22879,18614,19627,4829,21316,MW
2021-08-03,日,197305,123419,25716,23802,18640,18482,5019,21190,MW
2021-08-04,日,199697,123815,25813,23854,18238,18905,4868,21340,MW
2021-08-05,日,197756,120233,25283,24322,18214,18161,5179,21690,MW
2021-08-06,日,199433,122641,24719,24372,18299,18531,5449,22676,MW
2021-08-07,日,195412,120681,24358,24004,17642,17652,5539,22362,MW
2021-08-08,日,181341,108140,24779,24065,15644,14928,5699,21207,MW
2021-08-09,日,200017,123925,23734,24887,18178,18617,5984,21002,MW
2021-08-10,日,191346,118721,22929,23515,16786,17907,5798,21042,MW
2021-08-11,日,193267,121324,23377,23530,17265,18467,5687,20634,MW
2021-08-12,日,196740,124288,23914,22979,18128,18866,5198,21096,MW
2021-08-13,日,196995,123079,23748,23910,18061,18482,5036,20421,MW
2021-08-14,日,183698,113743,22721,23340,16274,16254,5048,19290,MW
2021-08-15,日,170135,101440,22549,23124,14806,14095,4623,19398,MW
2021-08-16,日,191164,120516,23709,23275,17867,18210,5047,19350,MW
2021-08-17,日,199402,125815,25694,23958,18442,19151,5191,20184,MW
2021-08-18,日,200126,125660,25663,23800,18784,19131,5423,20153,MW
2021-08-19,日,196015,121453,25412,23729,18077,18531,5282,20459,MW
2021-08-20,日,198870,124248,25836,23723,18141,18863,5321,20382,MW
2021-08-21,日,191519,120554,26203,23989,17519,18043,5310,18853,MW
2021-08-22,日,184736,111424,26759,23767,16657,15842,5289,19969,MW
2021-08-23,日,203510,127458,26883,24333,18826,19669,5626,20023,MW
2021-08-24,日,202498,126083,26316,24584,18834,19386,5677,19513,MW
2021-08-25,日,202190,125412,26664,24444,18727,19425,5551,19574,MW
2021-08-26,日,199413,125605,25765,24358,18613,19482,5391,18970,MW
2021-08-27,日,198935,124064,25839,24430,18910,17896,5199,19194,MW
2021-08-28,日,188683,115479,24487,23986,16766,16348,4836,19277,MW
2021-08-29,日,179670,107089,25387,24159,15667,14517,4855,19568,MW
2021-08-30,日,198323,123613,26048,24413,18439,18762,4993,19604,MW
2021-08-31,日,193666,119396,26010,24452,17351,17931,4892,21457,MW
2021-09-01,日,193301,117915,25264,24905,17756,17935,4807,21341,MW
2021-09-02,日,198199,122477,25783,25149,18153,18505,4781,21131,MW
2021-09-03,日,201542,125021,26004,24832,18513,18844,4861,21090,MW
2021-09-04,日,199108,122685,26386,25114,17975,17731,4758,19892,MW
2021-09-05,日,184187,110701,25994,24792,16979,15280,4786,19988,MW
2021-09-06,日,201341,125352,26105,24913,19263,19073,4922,19839,MW
2021-09-07,日,195501,124560,24008,24531,18890,19000,4733,18244,MW
2021-09-08,日,199536,125500,24904,25160,19059,19196,4867,18828,MW
2021-09-09,日,202885,127444,25304,25486,19478,19411,5051,18022,MW
2021-09-10,日,203070,128379,25822,25681,19754,19705,4836,19215,MW
2021-09-11,日,203162,128012,26731,25782,19207,19048,4926,18187,MW
2021-09-12,日,195629,120964,26981,26102,18259,17544,4970,19318,MW
2021-09-13,日,204672,127994,26125,26509,20104,20132,5095,18587,MW
2021-09-14,日,198655,124435,23521,25970,19398,20034,5139,19027,MW
2021-09-15,日,194030,120436,22300,26104,18715,19522,5183,19000,MW
2021-09-16,日,193033,120392,23506,25648,18721,19618,5194,18965,MW
2021-09-17,日,194253,119603,23812,25596,18194,19018,5155,18753,MW
2021-09-18,日,191351,116550,24783,24888,18098,19022,5186,19194,MW
2021-09-19,日,187861,115985,24548,24271,17117,17008,4968,18606,MW
2021-09-20,日,172303,103545,23365,22149,15702,15251,4883,19097,MW
2021-09-21,日,153834,93743,21396,20903,14310,12845,4506,17265,MW
2021-09-22,日,180749,109864,23408,22122,17247,19037,4922,19582,MW
2021-09-23,日,181241,110410,23312,22330,17522,18424,4858,19777,MW
2021-09-24,日,181472,110962,22860,22779,17237,18878,4698,19746,MW
2021-09-25,日,177932,109823,22714,22688,16734,17609,4808,20558,MW
2021-09-26,日,178518,109854,22246,23377,16865,17518,4768,19769,MW
2021-09-27,日,187288,116282,21547,23115,17692,18621,4943,19719,MW
2021-09-28,日,188858,118281,21795,23500,17772,18728,5151,19797,MW
2021-09-29,日,186827,118440,21458,22981,17785,18581,5193,19576,MW
2021-09-30,日,186681,118753,21196,22772,18133,18632,5188,19282,MW
2021-10-01,日,160077,101979,20212,22472,15809,13996,5039,19243,MW
2021-10-02,日,154758,88319,20049,23229,13796,11735,5105,18953,MW
2021-10-03,日,156973,90295,20172,23349,13840,11450,5144,18962,MW
2021-10-04,日,172218,104479,20577,23195,15280,13810,5052,19055,MW
2021-10-05,日,178419,111273,20580,23592,15971,15217,4552,19352,MW
2021-10-06,日,179749,111928,20566,23926,16120,16238,4894,18949,MW
2021-10-07,日,181224,113347,21671,23960,16929,16911,4624,18893,MW
2021-10-08,日,175595,107328,22540,24083,16310,15815,4449,18833,MW
2021-10-09,日,173054,105965,21794,23826,15458,16133,4402,18561,MW
2021-10-10,日,165274,96976,21531,23609,14033,13497,4619,18745,MW
2021-10-11,日,174251,107130,22445,23378,15537,16801,4876,19169,MW
2021-10-12,日,164920,97250,22360,23140,13549,14603,4605,19498,MW
2021-10-13,日,163650,97418,22377,23346,13569,14393,3412,19496,MW
2021-10-14,日,173836,105085,22096,24230,14889,16317,4286,19927,MW
2021-10-15,日,178573,100397,22708,23856,13716,15424,4624,19612,MW
2021-10-16,日,162870,95388,22680,24189,12698,14366,4433,19247,MW
2021-10-17,日,151848,82930,22597,23534,11604,11453,4320,20011,MW
2021-10-18,日,166028,95695,21870,23285,13233,14150,4450,19750,MW
2021-10-19,日,170707,100313,23094,23557,13983,14958,4655,19544,MW
2021-10-20,日,175010,104564,23267,23797,14712,15778,4876,19583,MW
2021-10-21,日,166089,98913,23173,24183,12945,15020,4763,19794,MW
2021-10-22,日,165939,92273,23531,25470,12655,12962,4417,20450,MW
2021-10-23,日,164067,90251,23585,25065,12210,12272,4497,20278,MW
2021-10-24,日,156057,82727,22938,25646,11716,11206,4494,19817,MW
2021-10-25,日,166342,93425,23205,24394,12865,13348,4620,19860,MW
2021-10-26,日,169534,95782,23408,24730,13190,13843,4686,20200,MW
2021-10-27,日,171276,97633,23430,24737,13568,14571,4702,20192,MW
2021-10-28,日,171658,98067,23307,25434,13635,14460,4725,20576,MW
2021-10-29,日,171186,99659,23036,25197,13815,14693,4748,20298,MW
2021-10-30,日,163984,93392,23057,25616,12345,12722,4747,20011,MW
2021-10-31,日,151784,80946,22477,25367,11606,11093,4780,20126,MW
2021-11-01,日,166864,93788,23032,25059,13013,14260,4934,20448,MW
2021-11-02,日,168559,97652,22856,24547,13259,14622,4993,20224,MW
2021-11-03,日,169075,98600,22962,24293,13453,14622,5033,20411,MW
2021-11-04,日,173804,101079,22932,24590,13968,15138,5112,21163,MW
2021-11-05,日,175387,103582,23133,24557,14320,15548,5070,21073,MW
2021-11-06,日,172994,101256,23190,24690,13918,14541,5101,20897,MW
2021-11-07,日,165348,91338,22707,25493,13100,12596,5006,22500,MW
2021-11-08,日,170107,92862,23202,26216,12754,13015,4738,22935,MW
2021-11-09,日,171967,93580,23450,26073,12817,12972,4737,23864,MW
2021-11-10,日,170967,93549,23438,25958,12870,12999,4733,22781,MW
2021-11-11,日,171470,93788,23260,25915,12920,13014,4809,23269,MW
2021-11-12,日,171001,93453,22908,26700,12741,13197,4761,22782,MW
2021-11-13,日,168540,90455,23331,26863,12193,12286,4775,22390,MW
2021-11-14,日,158579,81839,22554,26690,11450,10887,4680,22283,MW
2021-11-15,日,170985,93285,22649,26511,12763,13036,4899,22057,MW
2021-11-16,日,172807,94626,22883,26740,12810,13335,5024,23553,MW
2021-11-17,日,173938,95861,22973,26423,13025,13467,4976,23434,MW
2021-11-18,日,173011,96221,22836,26029,13003,13370,4935,22520,MW
2021-11-19,日,171542,96306,23224,25737,13000,13527,4992,23272,MW
2021-11-20,日,169296,94444,23004,25726,12755,12932,5018,23005,MW
2021-11-21,日,163368,86531,22684,26516,12194,11622,5144,23507,MW
2021-11-22,日,173816,94596,23719,27965,13003,12928,4924,24308,MW
2021-11-23,日,174828,95524,23809,28003,13063,12917,4925,24118,MW
2021-11-24,日,174782,95667,23727,27689,13065,12972,4869,22718,MW
2021-11-25,日,173144,95265,23654,26868,12932,12982,4938,22518,MW
2021-11-26,日,171719,94713,23510,26540,12755,12973,4903,22861,MW
2021-11-27,日,168868,91305,23440,27020,12288,12244,4873,22874,MW
2021-11-28,日,159271,83536,22801,26240,11668,10884,4904,23038,MW
2021-11-29,日,171728,95081,23073,26475,13023,13122,5045,23047,MW
2021-11-30,日,168860,91736,23034,26967,12749,12814,4931,22921,MW
2021-12-01,日,168312,91842,23666,26632,12654,12736,4955,23172,MW
2021-12-02,日,174881,95044,24109,27403,13161,12908,5010,23208,MW
2021-12-03,日,173563,95122,24006,27176,13055,12817,5008,22896,MW
2021-12-04,日,171963,93271,24127,27939,12585,12203,4983,22581,MW
2021-12-05,日,162772,85547,23635,27757,11940,10929,4985,22358,MW
2021-12-06,日,174735,96195,24133,28312,13217,12936,5022,21810,MW
2021-12-07,日,175139,96889,24231,27876,13278,13018,5045,22297,MW
2021-12-08,日,175341,96538,24317,27358,13242,13106,5064,22990,MW
2021-12-09,日,176130,97361,24142,27398,13343,13174,5098,22580,MW
2021-12-10,日,174132,96653,23894,27239,13214,13101,5065,22352,MW
2021-12-11,日,170289,92865,23665,27144,12642,12475,5067,22905,MW
2021-12-12,日,163265,84594,23512,28524,11862,11005,5022,23749,MW
2021-12-13,日,175969,96666,24139,28145,13136,12996,5054,23182,MW
2021-12-14,日,175611,96658,23881,27472,13198,13128,5054,22947,MW
2021-12-15,日,175498,96387,23828,27538,13243,13255,5082,22833,MW
2021-12-16,日,177299,97708,23679,27475,13259,13578,5147,23506,MW
2021-12-17,日,176632,96215,24135,28153,12897,13095,5072,23962,MW
2021-12-18,日,174489,93774,24295,28045,12569,12344,4984,24413,MW
2021-12-19,日,164589,86337,24068,27679,11984,11127,4918,23477,MW
2021-12-20,日,179053,98034,25078,28023,13457,13000,4895,24608,MW
2021-12-21,日,171183,93657,23171,28012,12962,12999,4998,23481,MW
2021-12-22,日,176388,97345,24104,27939,13220,13092,5037,23652,MW
2021-12-23,日,177419,97938,23911,28643,13337,13127,5019,22951,MW
2021-12-24,日,177489,97522,23823,27956,13049,13062,5084,24246,MW
2021-12-25,日,174688,93758,24111,28481,12647,12405,5048,24735,MW
2021-12-26,日,174423,91031,25455,28464,12891,11618,4922,26060,MW
2021-12-27,日,188430,101600,28029,28762,14391,13578,5034,26443,MW
2021-12-28,日,187453,100200,27990,27890,14296,13283,5090,26277,MW
2021-12-29,日,185339,98889,27408,27968,14085,13021,5116,26684,MW
2021-12-30,日,180700,95689,26260,28054,13305,12683,5102,26063,MW
2021-12-31,日,167750,88255,25523,27641,12102,11649,5012,25137,MW
2022-01-01,日,146279,68281,24123,26478,10451,8880,4782,24072,MW
2022-01-02,日,164024,83021,24798,26931,11754,10471,4994,24948,MW
2022-01-03,日,174557,92980,24312,27578,12914,12064,5061,25058,MW
2022-01-04,日,177719,95703,24054,27834,13261,12748,5066,25030,MW
2022-01-05,日,177479,96093,23895,27815,13245,12990,5147,24813,MW
2022-01-06,日,178121,96084,24617,27759,13117,12882,5129,25183,MW
2022-01-07,日,178201,95291,25275,27543,13010,12615,5040,25813,MW
2022-01-08,日,175562,92718,25760,27560,12541,12129,5057,25717,MW
2022-01-09,日,170289,87534,26203,27728,12199,11195,5004,25438,MW
2022-01-10,日,178877,95283,26455,27803,13219,12562,5082,25769,MW
2022-01-11,日,178687,95877,25631,28338,13347,12506,5023,25521,MW
2022-01-12,日,179502,95549,25501,28342,13438,12533,5087,25460,MW
2022-01-13,日,178814,95083,24925,28374,13303,12720,5065,25831,MW
2022-01-14,日,175774,93397,25346,27505,13133,12632,5077,25184,MW
2022-01-15,日,171024,89283,25010,27468,12555,12063,5060,25227,MW
2022-01-16,日,165022,82733,24712,28013,11709,10921,5005,25227,MW
2022-01-17,日,172025,89380,25268,28547,12657,12059,4968,25303,MW
2022-01-18,日,168245,87990,24601,27788,12426,11913,5013,24766,MW
2022-01-19,日,164455,85162,23542,27952,12175,11865,5027,23994,MW
2022-01-20,日,161504,81531,24291,27033,11823,11396,4965,23895,MW
2022-01-21,日,155528,78191,23686,26851,11396,11022,4941,23762,MW
2022-01-22,日,149812,74372,22598,26231,10900,10457,4927,22688,MW
2022-01-23,日,145345,70370,22228,25890,10448,9889,4808,23353,MW
2022-01-24,日,147697,70142,23001,26601,10678,10010,4870,24217,MW
2022-01-25,日,142406,66383,22705,26230,10205,9347,4826,23977,MW
2022-01-26,日,137299,62699,22031,24926,9769,8788,4752,23141,MW
2022-01-27,日,134676,59840,21549,24908,9446,8213,4711,23376,MW
2022-01-28,日,130623,56615,21468,24335,8801,7715,4722,23434,MW
2022-01-29,日,128207,54886,22433,23923,8450,6921,4618,23750,MW
2022-01-30,日,126347,51558,21555,24210,7719,6568,4493,22724,MW
2022-01-31,日,122609,51402,22456,25937,7654,5940,4333,23150,MW
2022-02-01,日,116794,50575,20873,22554,7427,5915,4260,19723,MW
2022-02-02,日,120217,51427,21512,23347,7738,5921,4329,20957,MW
2022-02-03,日,120770,53117,21219,23235,8029,6230,4468,20908,MW
2022-02-04,日,123052,53543,20972,23713,8232,6842,4583,21235,MW
2022-02-05,日,124203,54743,21015,24107,8622,7321,4589,21207,MW
2022-02-06,日,129402,56171,22070,24510,9097,7308,4600,22126,MW
2022-02-07,日,132762,60539,22183,24318,9762,8287,4719,22126,MW
2022-02-08,日,143211,67369,23602,24816,10919,9199,4720,23966,MW
2022-02-09,日,148843,72358,24334,25314,11777,9562,4787,23774,MW
2022-02-10,日,153889,76106,24420,25424,12078,10183,4842,23597,MW
2022-02-11,日,154661,77416,24403,25732,11557,10480,4793,24147,MW
2022-02-12,日,155071,77618,24300,26096,11303,10371,4796,23684,MW
2022-02-13,日,155597,78344,24524,25991,11954,9955,4725,23659,MW
2022-02-14,日,158458,82478,23365,26330,12055,11091,4796,23624,MW
2022-02-15,日,151227,78319,22203,26342,11550,10868,4631,22708,MW
2022-02-16,日,162411,85777,23668,26613,12137,11561,4805,22871,MW
2022-02-17,日,168010,88888,24020,26476,12693,11813,4827,23816,MW
2022-02-18,日,171099,90517,25235,27013,12890,11815,4920,24824,MW
2022-02-19,日,178676,94783,26851,28193,13865,12041,4863,25650,MW
2022-02-20,日,179873,93374,27680,30256,14485,11937,4929,25770,MW
2022-02-21,日,194884,104183,27979,31735,15930,13923,5091,26973,MW
2022-02-22,日,195739,105280,28684,30670,16083,13999,5194,26553,MW
2022-02-23,日,190283,102074,28204,29451,15431,13481,5215,26204,MW
2022-02-24,日,186011,100039,26870,29450,14776,13314,5286,26703,MW
2022-02-25,日,180289,96848,25478,28642,13695,12774,5089,26267,MW
2022-02-26,日,172826,91729,24658,28018,12708,11980,4993,24725,MW
2022-02-27,日,162175,83399,23370,27639,12079,10484,4922,23061,MW
2022-02-28,日,168465,91782,22812,27487,12977,12137,4995,22052,MW
2022-03-01,日,170238,92856,22901,27662,13016,12326,5003,22686,MW
2022-03-02,日,171246,94746,22838,27627,13248,12386,4956,21666,MW
2022-03-03,日,170458,95011,22122,27533,13234,12347,4980,21227,MW
2022-03-04,日,173202,95794,22508,27833,13307,12491,4940,21886,MW
2022-03-05,日,168837,92719,22646,28041,12946,11866,4948,21250,MW
2022-03-06,日,158583,83160,22781,27910,11787,10210,4972,21636,MW
2022-03-07,日,169179,95297,22850,28141,13025,12276,4893,20106,MW
2022-03-08,日,166945,94578,22504,27503,13007,12223,4814,19535,MW
2022-03-09,日,170548,96363,22848,27593,13291,12344,4966,19972,MW
2022-03-10,日,170883,96703,23071,27718,13396,12455,4944,20040,MW
2022-03-11,日,170292,96881,22983,27925,13244,12426,4895,19600,MW
2022-03-12,日,165562,92936,22602,28015,12807,11553,4986,19393,MW
2022-03-13,日,158371,85422,22419,27924,12290,10146,4951,19247,MW
2022-03-14,日,167422,94573,23131,28405,14019,8832,5040,18886,MW
2022-03-15,日,167104,93470,23220,28244,14245,8875,4974,18755,MW
2022-03-16,日,161150,88770,22574,27823,13512,8406,4978,18776,MW
2022-03-17,日,163375,90403,23188,27958,14049,8672,5082,18404,MW
2022-03-18,日,166245,92561,22953,28291,14022,9259,5028,18823,MW
2022-03-19,日,162671,90768,22729,28570,13407,9139,5068,18015,MW
2022-03-20,日,155743,82412,22220,28774,12181,8621,5178,18508,MW
2022-03-21,日,174469,98791,23149,29171,14132,12818,5312,19575,MW
2022-03-22,日,176617,101596,22959,29139,14345,13661,5379,20101,MW
2022-03-23,日,170958,94976,23217,29282,13134,12079,4980,19724,MW
2022-03-24,日,170966,95874,23132,28804,13229,12194,5030,19326,MW
2022-03-25,日,173857,99510,22930,28693,13911,13094,5264,18721,MW
2022-03-26,日,172691,97907,22230,29537,13397,13187,5300,19651,MW
2022-03-27,日,159225,85379,22208,29685,11879,10800,4852,20444,MW
2022-03-28,日,169243,95144,22414,29016,13142,12270,4740,18898,MW
2022-03-29,日,170921,95298,22539,28988,13068,12308,4764,20368,MW
2022-03-30,日,171671,96285,22712,29061,13436,12784,4797,20569,MW
2022-03-31,日,171218,95690,22310,29313,13687,13217,4732,20526,MW
2022-04-01,日,168330,91662,22110,30683,12772,12318,4392,21164,MW
2022-04-02,日,166753,91489,22078,29807,12472,11961,4293,20909,MW
2022-04-03,日,155937,84465,20814,27877,11578,10798,4228,19433,MW
2022-04-04,日,146817,77575,20254,28075,10983,10052,4114,19003,MW
2022-04-05,日,137854,67351,19278,28601,10670,8846,4117,19585,MW
2022-04-06,日,165838,92943,21091,30275,13294,12674,4300,19852,MW
2022-04-07,日,168775,95716,21986,28608,13509,12925,4345,19588,MW
2022-04-08,日,169401,96328,21902,28862,13500,13071,4409,18906,MW
2022-04-09,日,165270,93064,21975,28783,12540,12580,4439,18824,MW
2022-04-10,日,158407,85960,22023,28636,11973,11363,4464,18908,MW
2022-04-11,日,171351,99074,22443,28924,13696,14171,4544,18227,MW
2022-04-12,日,173588,100999,22300,28853,13821,14645,4607,18525,MW
2022-04-13,日,174416,101978,22590,28746,13657,14424,4671,18406,MW
2022-04-14,日,175548,100491,22834,29335,13353,14439,4762,19549,MW
2022-04-15,日,173736,99006,21950,29126,13179,14016,4813,20455,MW
2022-04-16,日,166993,93162,21321,28821,11820,12319,4727,20506,MW
2022-04-17,日,156174,81347,21767,28744,11019,10670,4628,21038,MW
2022-04-18,日,168448,93865,22069,29407,12293,12736,4378,20586,MW
2022-04-19,日,167914,93919,22157,28915,12307,12641,4377,19790,MW
2022-04-20,日,168283,94422,22357,28475,12384,12869,4492,19560,MW
2022-04-21,日,169560,97029,21965,28563,12837,13691,4614,18700,MW
2022-04-22,日,170563,98809,21594,28668,13196,14219,4776,18982,MW
2022-04-23,日,169879,97871,22052,28670,13142,13849,4932,18659,MW
2022-04-24,日,166865,94495,21976,28415,13645,13917,5174,18226,MW
2022-04-25,日,180225,107881,22414,28632,15048,16133,5325,18598,MW
2022-04-26,日,183652,110551,22971,29082,15477,16318,5554,18390,MW
2022-04-27,日,185569,112650,23355,29068,15889,16864,5367,18182,MW
2022-04-28,日,187326,114081,23448,29592,16043,17141,5492,18103,MW
2022-04-29,日,186892,114107,22911,29119,16102,17048,5432,18445,MW
2022-04-30,日,169018,96791,21548,28923,13176,13376,5134,17954,MW
2022-05-01,日,132403,71391,18983,28780,9903,10250,4185,17644,MW
2022-05-02,日,138229,70672,19535,28424,10454,9036,4204,17778,MW
2022-05-03,日,152663,82991,20379,29165,11639,11038,4304,18154,MW
2022-05-04,日,161386,91521,21032,29153,12747,12590,4452,18604,MW
2022-05-05,日,169977,99761,21618,29625,13946,14465,4699,18051,MW
2022-05-06,日,172449,102851,21540,28767,14514,15040,4632,17790,MW
2022-05-07,日,172076,101582,21375,28984,14133,14607,4477,17942,MW
2022-05-08,日,156691,87132,20205,29192,12371,11740,4542,17776,MW
2022-05-09,日,170707,100528,20983,29163,14338,14989,4766,17274,MW
2022-05-10,日,173353,102395,21209,29196,14399,15001,4832,17944,MW
2022-05-11,日,173267,101627,21034,29379,14345,14464,5078,17742,MW
2022-05-12,日,170869,100992,20758,28621,14146,14425,5109,17913,MW
2022-05-13,日,173106,101971,20199,28357,14036,14717,5088,17827,MW
2022-05-14,日,164992,93819,20252,28422,12991,13155,5035,18419,MW
2022-05-15,日,151865,81234,19540,28291,11754,11004,4841,18394,MW
2022-05-16,日,161317,90609,20363,28138,12758,12744,4447,18441,MW
2022-05-17,日,162173,92711,20626,27812,13254,13368,4459,18095,MW
2022-05-18,日,162826,93671,20942,27554,13653,13450,4595,18140,MW
2022-05-19,日,169611,98626,21371,28197,14326,14538,4698,18183,MW
2022-05-20,日,175538,104604,21035,28705,15114,15739,4822,17919,MW
2022-05-21,日,172611,101199,20789,28428,14350,14651,4896,18234,MW
2022-05-22,日,159194,87500,20526,27813,13051,12197,4782,18636,MW
2022-05-23,日,172233,100722,20756,27669,14415,15118,5028,17482,MW
2022-05-24,日,173528,103786,21031,27873,15293,15601,4974,17477,MW
2022-05-25,日,175113,106055,21491,27908,15545,15978,5007,17263,MW
2022-05-26,日,180381,109301,21381,28227,16255,16403,5117,16925,MW
2022-05-27,日,181162,109333,21543,27869,16802,15621,5242,17231,MW
2022-05-28,日,177907,106040,21674,27982,15654,15724,5273,17015,MW
2022-05-29,日,170167,98111,22453,28374,15331,14147,5338,16789,MW
2022-05-30,日,187354,114845,22208,28725,17278,17461,5458,16777,MW
2022-05-31,日,186947,115412,22257,28508,17286,17623,5494,16888,MW
2022-06-01,日,187527,115479,22232,28283,17443,17659,5414,16521,MW
2022-06-02,日,183234,112136,21919,28384,16541,17279,5379,16511,MW
2022-06-03,日,148990,88347,21404,27228,13199,12983,5207,15454,MW
2022-06-04,日,164967,94583,22709,27906,14995,13562,5382,16419,MW
2022-06-05,日,175626,103980,22348,28286,16285,15040,5695,16015,MW
2022-06-06,日,192958,119810,21786,28601,17855,18577,5951,16340,MW
2022-06-07,日,186578,114408,22066,28390,16857,17345,5456,16814,MW
2022-06-08,日,181913,109349,22313,28667,16052,16254,4980,16848,MW
2022-06-09,日,181773,108502,23006,28116,15734,16456,4932,16971,MW
2022-06-10,日,183390,111070,21739,28580,16460,16649,5004,16817,MW
2022-06-11,日,177671,105571,21046,28469,15397,15425,5143,16929,MW
2022-06-12,日,165815,94850,22185,27963,14340,13791,5499,16922,MW
2022-06-13,日,185486,113883,21308,28279,17220,17659,5836,16472,MW
2022-06-14,日,184354,112681,21417,28332,16528,17254,5795,17161,MW
2022-06-15,日,181840,109192,21778,28015,15788,17069,5444,17191,MW
2022-06-16,日,181200,108054,21573,27999,16143,16935,5541,16888,MW
2022-06-17,日,185594,112474,22184,28342,17020,17586,5708,17061,MW
2022-06-18,日,180924,106954,22231,28149,15841,16107,5822,17172,MW
2022-06-19,日,172375,97181,23128,28626,15384,14307,5913,17551,MW
2022-06-20,日,191454,115793,22620,28966,17424,18229,6196,17281,MW
2022-06-21,日,191934,115745,22927,29380,17264,17921,6268,17604,MW
2022-06-22,日,194759,118873,23956,29791,18070,18317,6291,17584,MW
2022-06-23,日,196674,121132,24611,29155,18395,18744,6249,17636,MW
2022-06-24,日,198280,121350,24946,29269,18525,18688,6091,17685,MW
2022-06-25,日,192617,116727,25259,28802,17622,17527,5650,17199,MW
2022-06-26,日,181122,105239,25313,29002,16707,15256,5740,17834,MW
2022-06-27,日,201100,122864,25884,29104,18872,18830,6029,17597,MW
2022-06-28,日,201353,124299,25724,28638,19060,18987,6336,18020,MW
2022-06-29,日,202082,124894,24300,28586,19697,19100,6427,18084,MW
2022-06-30,日,197169,120699,24556,28425,18737,18110,6064,18058,MW
2022-07-01,日,190757,113570,24586,28676,17831,17035,5524,18676,MW
2022-07-02,日,174549,99675,22927,28368,14769,14266,4429,17818,MW
2022-07-03,日,163621,91756,21765,28557,14411,13609,5020,17856,MW
2022-07-04,日,185790,109951,23490,29385,16581,16973,5534,18489,MW
2022-07-05,日,192723,114303,23693,29481,17309,17439,5852,18546,MW
2022-07-06,日,189961,114812,22994,28731,17522,17666,5625,18725,MW
2022-07-07,日,192365,115558,23116,29195,17636,18112,5874,19113,MW
2022-07-08,日,194579,116498,22939,29573,17694,18271,5676,19530,MW
2022-07-09,日,190075,113747,24545,29707,17197,17423,5207,19425,MW
2022-07-10,日,183467,106127,25190,29776,16962,15599,5165,19336,MW
2022-07-11,日,204174,124470,26505,30379,19191,19455,5412,19714,MW
2022-07-12,日,207231,126584,27165,30362,19437,19569,5243,19769,MW
2022-07-13,日,209402,127142,27787,30735,19431,19523,5215,20060,MW
2022-07-14,日,212288,129357,28560,31117,19788,19767,5220,20641,MW
2022-07-15,日,213380,130546,28183,31043,20293,20133,5473,20761,MW
2022-07-16,日,203429,123949,28377,30821,18780,18625,5576,20502,MW
2022-07-17,日,194264,113623,28222,30490,17951,16218,5817,20088,MW
2022-07-18,日,212928,132103,26972,30932,20596,20143,6203,19457,MW
2022-07-19,日,211650,130861,27313,30658,20293,19819,6396,19329,MW
2022-07-20,日,209305,130763,25702,29658,20161,19887,6101,18556,MW
2022-07-21,日,208923,131310,25883,29446,20118,19937,5598,18847,MW
2022-07-22,日,210864,133481,27359,29045,20467,20061,5769,19313,MW
2022-07-23,日,206148,130516,27687,28691,20029,19332,5817,19150,MW
2022-07-24,日,202167,124372,28431,28735,19727,17325,5904,19184,MW
2022-07-25,日,222647,141737,29621,29984,22414,21426,6139,20145,MW
2022-07-26,日,222782,139551,29708,30554,22031,20857,6226,20322,MW
2022-07-27,日,220752,137766,30507,30693,21527,20414,6294,20176,MW
2022-07-28,日,220875,138880,30228,30135,21789,20834,6343,19380,MW
2022-07-29,日,221082,140074,28688,30129,22105,21267,6399,19508,MW
2022-07-30,日,205285,124684,27395,29952,20258,17066,6242,19708,MW
2022-07-31,日,191357,113982,28046,29551,18075,15751,6106,19210,MW
2022-08-01,日,210430,130707,28595,29737,20182,19935,6308,19818,MW
2022-08-02,日,214864,134251,29570,28853,20961,20239,6223,19968,MW
2022-08-03,日,209876,126413,28925,29425,19021,18626,6175,20300,MW
2022-08-04,日,199010,116395,27169,29678,17687,16494,5802,20326,MW
2022-08-05,日,194098,115033,24203,28858,17383,16658,5421,20064,MW
2022-08-06,日,187517,111206,23620,28526,16923,15887,4838,19118,MW
2022-08-07,日,180043,105187,25715,28270,16857,14367,4811,19391,MW
2022-08-08,日,202595,122854,26372,29055,19273,18464,4561,20063,MW
2022-08-09,日,196745,117369,25903,29734,17842,16723,4527,20148,MW
2022-08-10,日,189427,112263,24128,29449,16950,16701,4271,20570,MW
2022-08-11,日,188250,112891,22230,30109,16955,17109,4547,20398,MW
2022-08-12,日,187078,109641,23327,29954,16303,15975,4229,20082,MW
2022-08-13,日,182628,106387,24372,30183,15347,15365,4456,20036,MW
2022-08-14,日,179824,101996,25515,30184,15869,14185,4656,20093,MW
2022-08-15,日,204613,123795,27668,30771,18667,18717,4591,20770,MW
2022-08-16,日,207365,124259,28140,30770,19109,18731,4582,21152,MW
2022-08-17,日,208135,123568,28615,31283,18537,18632,4319,21365,MW
2022-08-18,日,203319,120330,28154,31362,17814,17751,4496,21101,MW
2022-08-19,日,206178,121383,28985,31611,18076,17743,4576,21549,MW
2022-08-20,日,196360,113302,27250,30911,16639,16319,4350,21278,MW
2022-08-21,日,180059,102303,24518,30666,15445,14673,4689,20558,MW
2022-08-22,日,208037,126361,26104,31232,18796,19147,4670,21195,MW
2022-08-23,日,213862,131250,28462,30878,20059,20207,5087,21477,MW
2022-08-24,日,219309,134298,28546,30964,21202,20528,5073,21587,MW
2022-08-25,日,198300,116350,26724,30910,17866,17306,4421,21634,MW
2022-08-26,日,201901,121449,24275,31262,18395,18630,4678,21009,MW
2022-08-27,日,197817,120665,25521,30210,17804,17781,4672,20268,MW
2022-08-28,日,192717,113524,27251,30730,17916,16686,4814,20661,MW
2022-08-29,日,212044,128756,28091,31231,19803,19110,5019,20411,MW
2022-08-30,日,209972,127247,28010,30943,19470,18576,4884,20000,MW
2022-08-31,日,206076,125830,25820,30743,19711,18687,4808,18683,MW
2022-09-01,日,198293,121042,24451,30505,18196,18253,4952,18704,MW
2022-09-02,日,197223,118954,25661,30024,17585,17133,4873,18846,MW
2022-09-03,日,186320,109944,25773,30660,16261,13465,4926,18506,MW
2022-09-04,日,177260,104691,24992,30364,16316,12864,4985,17999,MW
2022-09-05,日,196308,120891,25529,30190,18086,17667,5103,18276,MW
2022-09-06,日,200034,122781,26127,30677,18649,17999,5097,18227,MW
2022-09-07,日,201160,122279,26895,30226,19113,17833,4956,18270,MW
2022-09-08,日,201441,122883,26032,30887,19302,18510,4512,17826,MW
2022-09-09,日,195289,117402,24378,31327,18200,17581,4377,17898,MW
2022-09-10,日,161677,97018,22588,29896,14771,13524,4291,17191,MW
2022-09-11,日,170980,100169,22623,29362,15594,14289,4619,17581,MW
2022-09-12,日,188384,115356,23719,29375,17528,16688,4890,17821,MW
2022-09-13,日,200655,126475,24620,29665,19391,19136,5150,17761,MW
2022-09-14,日,200409,125960,25497,29223,19103,18918,5255,17683,MW
2022-09-15,日,201433,125751,25983,29093,18958,18941,5358,17548,MW
2022-09-16,日,203786,126874,26016,29572,19744,19356,5431,17574,MW
2022-09-17,日,201546,126553,26938,28648,19382,18810,5263,18107,MW
2022-09-18,日,196738,120548,27450,29483,19454,17582,5398,18382,MW
2022-09-19,日,210055,131274,28306,29618,20566,19792,5634,18383,MW
2022-09-20,日,206521,129309,26304,28872,20397,19464,5391,17529,MW
2022-09-21,日,200176,123601,25689,28891,18926,18346,5093,17426,MW
2022-09-22,日,198658,123052,25874,28773,18607,18008,4794,17161,MW
2022-09-23,日,200354,123798,24694,28165,18825,18152,4749,17834,MW
2022-09-24,日,191100,115889,24353,28694,17641,16445,4768,17870,MW
2022-09-25,日,181619,107868,24886,27849,16830,15006,4952,18146,MW
2022-09-26,日,197226,123855,25560,27858,18914,18235,5042,18115,MW
2022-09-27,日,198899,124337,25677,28361,19258,18338,4714,17758,MW
2022-09-28,日,198667,123565,25552,28398,19002,18150,4859,18173,MW
2022-09-29,日,198147,121726,24807,28264,18936,18011,4895,18159,MW
2022-09-30,日,192585,117003,24319,28026,17820,16899,4975,17647,MW
2022-10-01,日,149858,84144,21790,27048,13043,11178,4524,17045,MW
2022-10-02,日,157211,85471,23050,27110,13800,11261,4834,17253,MW
2022-10-03,日,164383,91581,23776,26673,14429,11693,4868,17856,MW
2022-10-04,日,177063,104008,24186,27084,16064,13578,4849,17719,MW
2022-10-05,日,181261,108763,24889,27391,16353,14489,5103,17795,MW
2022-10-06,日,186552,113442,24640,27946,16943,15644,4894,18085,MW
2022-10-07,日,184716,112838,23008,27894,16431,16097,4864,18939,MW
2022-10-08,日,183637,110733,23018,28102,16032,16262,4914,19336,MW
2022-10-09,日,177687,104284,22178,28211,14994,15479,5038,19378,MW
2022-10-10,日,172815,100831,22827,28042,13917,14094,4728,19821,MW
2022-10-11,日,171740,97410,22825,28685,13766,13670,4844,19480,MW
2022-10-12,日,173069,98009,22928,28876,13815,13725,4901,19651,MW
2022-10-13,日,175227,100406,23301,28608,14179,14231,4963,19357,MW
2022-10-14,日,176145,102870,23076,29039,14443,14797,4915,19227,MW
2022-10-15,日,172023,98093,22833,29356,13689,13584,4998,18752,MW
2022-10-16,日,162759,88918,22300,28909,13040,12311,4925,19040,MW
2022-10-17,日,172874,99750,22744,28402,14334,14283,5001,19271,MW
2022-10-18,日,168643,95053,22648,28221,13412,12980,4587,19056,MW
2022-10-19,日,168851,94104,22586,28267,13395,12850,4545,19107,MW
2022-10-20,日,171450,97000,22503,28917,13822,13676,4839,19046,MW
2022-10-21,日,173875,100436,23203,28562,14381,14311,4835,19119,MW
2022-10-22,日,171461,98214,23479,28718,13875,13613,4830,19072,MW
2022-10-23,日,164926,89878,23284,29429,13664,12322,4861,19191,MW
2022-10-24,日,178070,104029,23658,28898,15221,14979,4942,19291,MW
2022-10-25,日,175016,101433,23775,28779,14567,14093,5030,18873,MW
2022-10-26,日,174368,100629,24040,28242,14339,14227,5005,19445,MW
2022-10-27,日,176813,101692,23829,29105,14636,14500,5124,20061,MW
2022-10-28,日,177117,102186,23368,28774,14324,14556,5037,20359,MW
2022-10-29,日,172180,96218,23510,29662,13229,13274,4993,20349,MW
2022-10-30,日,161352,84913,22720,28489,12201,11463,4957,20439,MW
2022-10-31,日,168494,94327,22379,28877,13061,13357,4983,20080,MW
2022-11-01,日,167342,91662,22653,28466,12795,12816,4959,20070,MW
2022-11-02,日,168606,92625,22871,29128,12803,12748,5027,20112,MW
2022-11-03,日,169233,94823,23108,28912,12947,13036,5096,20024,MW
2022-11-04,日,171144,95286,23261,29370,12775,13121,5068,20162,MW
2022-11-05,日,165792,90585,22898,29331,12102,12003,5095,20186,MW
2022-11-06,日,157288,82990,22833,28929,11641,10792,5076,20076,MW
2022-11-07,日,170757,94230,23602,29783,12851,12886,5158,19998,MW
2022-11-08,日,170925,94675,23447,29192,12847,13076,5117,20234,MW
2022-11-09,日,171583,95468,23428,29049,12896,13453,5066,19957,MW
2022-11-10,日,172497,97042,23427,29027,12906,13752,5184,19694,MW
2022-11-11,日,173534,97771,23714,29146,12934,14181,5228,19171,MW
2022-11-12,日,169466,93608,23614,29242,12437,12853,5257,19291,MW
2022-11-13,日,160870,85944,23162,28940,12144,11846,5230,19862,MW
2022-11-14,日,174943,98228,23323,29478,13188,14034,5460,20914,MW
2022-11-15,日,176301,98978,23302,29492,13337,14228,5405,21162,MW
2022-11-16,日,176118,98667,23438,29684,13275,14110,5508,21510,MW
2022-11-17,日,176732,98799,23309,29619,13573,14115,5527,20613,MW
2022-11-18,日,177688,100259,23600,30038,13660,14400,5504,21155,MW
2022-11-19,日,172065,96602,23455,29625,13099,13332,5454,20723,MW
2022-11-20,日,163409,87304,23110,29273,12258,11857,5387,20428,MW
2022-11-21,日,176890,99485,23602,30042,13460,14042,5367,20668,MW
2022-11-22,日,175917,98782,23546,29569,13186,14059,5273,21214,MW
2022-11-23,日,175154,97506,23227,30112,12816,13891,5416,21226,MW
2022-11-24,日,173304,96952,22995,29983,12464,13514,5442,21214,MW
2022-11-25,日,173695,96386,22860,30248,12342,13562,5377,21126,MW
2022-11-26,日,168108,91380,23083,30107,11851,12448,5402,20335,MW
2022-11-27,日,159328,84405,22845,29683,11517,11307,5366,19680,MW
2022-11-28,日,175739,98943,23255,29770,13233,14419,5624,20262,MW
2022-11-29,日,177357,99108,23612,30150,13167,14655,5690,21603,MW
2022-11-30,日,173170,92784,24086,30113,12008,13130,5573,23982,MW
2022-12-01,日,178569,92436,25993,30586,12673,12550,5191,25652,MW
2022-12-02,日,181847,95489,26964,30335,13094,12588,5202,25467,MW
2022-12-03,日,177779,91246,27118,30157,12380,11924,5235,25579,MW
2022-12-04,日,171723,85293,27118,30422,11924,10851,5226,26304,MW
2022-12-05,日,187179,98205,27275,31092,13533,12859,5351,26537,MW
2022-12-06,日,187142,98865,27021,30961,13520,12907,5376,26721,MW
2022-12-07,日,185475,98691,26890,31240,13313,12902,5388,25477,MW
2022-12-08,日,184961,97900,26828,31707,13232,12843,5415,25286,MW
2022-12-09,日,183424,97678,26123,31854,13070,12758,5355,24539,MW
2022-12-10,日,177290,93049,25781,31351,12411,12023,5327,24287,MW
2022-12-11,日,171235,87192,25248,31060,12224,11089,5303,24394,MW
2022-12-12,日,185320,99692,26120,32134,13600,13036,5443,24567,MW
2022-12-13,日,188070,100895,26222,32140,13817,13368,5473,25115,MW
2022-12-14,日,189556,103065,26152,32548,14056,13712,5487,24447,MW
2022-12-15,日,187078,103223,25855,30695,14050,13679,5496,24212,MW
2022-12-16,日,188774,102714,26264,31590,13820,13497,5478,24998,MW
2022-12-17,日,190281,100252,27051,34280,13421,13244,5501,25332,MW
2022-12-18,日,184172,93625,27190,34126,13117,12280,5602,25413,MW
2022-12-19,日,191680,102536,27411,32681,13833,13554,5589,24642,MW
2022-12-20,日,189098,99950,27405,33205,13399,13072,5542,25445,MW
2022-12-21,日,186959,98100,26851,33336,13108,12693,5474,24756,MW
2022-12-22,日,180472,92566,25848,32711,12687,12290,5412,24846,MW
2022-12-23,日,181273,93503,26488,32337,12628,12112,5422,24725,MW
2022-12-24,日,174495,89189,25509,31986,12225,11459,5376,23196,MW
2022-12-25,日,167845,83960,25138,31523,11862,10602,5277,22990,MW
2022-12-26,日,177246,92176,25444,31683,12549,12092,5319,24012,MW
2022-12-27,日,178170,91947,25964,31967,12570,12152,5293,24886,MW
2022-12-28,日,181093,91915,26933,33783,12603,12167,5264,25174,MW
2022-12-29,日,182574,92353,28047,33875,12759,12306,5322,25079,MW
2022-12-30,日,180154,91569,27223,33782,12511,12306,5308,24187,MW
2022-12-31,日,170050,83227,26586,33326,11658,10921,5362,23761,MW
2023-01-01,日,154763,71442,25073,31062,10519,9271,5254,23171,MW
2023-01-02,日,173456,87116,26392,31832,12108,11385,5346,24043,MW
2023-01-03,日,178724,92144,26344,31678,12915,12421,5457,24450,MW
2023-01-04,日,177257,91649,26166,31258,12823,12373,5467,24286,MW
2023-01-05,日,173968,90330,25565,30691,12544,12174,5446,24042,MW
2023-01-06,日,169765,88346,24603,30947,12321,12049,5354,22050,MW
2023-01-07,日,164781,84041,24605,30890,11773,11334,5278,21169,MW
2023-01-08,日,159028,79899,24670,30958,11475,10690,5296,20614,MW
2023-01-09,日,165744,85653,24740,31311,12197,11511,5383,20474,MW
2023-01-10,日,161349,82791,24512,30232,11910,11270,5377,19660,MW
2023-01-11,日,155937,79274,24309,29534,11631,10953,5326,18924,MW
2023-01-12,日,150375,76092,23883,28912,11486,10549,5269,18154,MW
2023-01-13,日,147313,74004,23199,28112,11380,10131,5256,18172,MW
2023-01-14,日,142030,67855,22766,28131,10317,9208,5212,19791,MW
2023-01-15,日,143947,63994,24741,29268,9984,8174,5115,22460,MW
2023-01-16,日,147319,65371,26687,29311,10432,8292,5220,23021,MW
2023-01-17,日,145604,63201,26480,30059,10227,7846,5312,23051,MW
2023-01-18,日,140788,59374,25451,29101,9337,7187,5337,22651,MW
2023-01-19,日,131979,54350,23803,28769,8399,6645,5187,21921,MW
2023-01-20,日,126891,50831,22072,27301,7563,6104,4956,22040,MW
2023-01-21,日,117445,48294,20829,26705,6899,5471,4774,22259,MW
2023-01-22,日,112333,46248,20043,24561,6601,5346,4643,18282,MW
2023-01-23,日,114656,46553,20753,25255,6672,5447,4660,19220,MW
2023-01-24,日,119658,48465,21222,27307,7028,5723,4877,19033,MW
2023-01-25,日,121436,50793,21518,25497,7530,5985,4950,19309,MW
2023-01-26,日,124982,52061,22435,26148,7606,6173,4968,20347,MW
2023-01-27,日,133565,55947,23643,28788,8661,6927,5092,21201,MW
2023-01-28,日,139595,59529,23995,29905,9440,7755,5245,22150,MW
2023-01-29,日,141717,64030,24173,29263,10303,8653,5234,20946,MW
2023-01-30,日,144756,68171,24176,28497,10635,9526,5230,20076,MW
2023-01-31,日,146300,71623,23214,27592,10650,9931,5197,19850,MW
2023-02-01,日,150918,75072,23625,27605,11204,10601,5220,19702,MW
2023-02-02,日,157093,78673,23931,28526,11461,10989,5196,21539,MW
2023-02-03,日,160664,81260,25045,28665,11497,11068,5180,22292,MW
2023-02-04,日,159514,80719,25414,28153,11152,10645,5132,22021,MW
2023-02-05,日,150189,73799,24713,27579,10915,9702,4862,21037,MW
2023-02-06,日,167019,87076,26290,27717,12460,11873,5193,22098,MW
2023-02-07,日,170984,89346,26045,28721,12691,12160,5305,22514,MW
2023-02-08,日,171367,90320,25748,28343,12726,12212,5317,21958,MW
2023-02-09,日,174479,92521,26075,29493,12970,12487,5357,22362,MW
2023-02-10,日,174187,92611,25967,28497,12781,12566,5377,21794,MW
2023-02-11,日,168761,90562,24909,28251,12240,11833,5372,20505,MW
2023-02-12,日,162752,84580,23926,27800,11917,10854,5470,21435,MW
2023-02-13,日,179001,96809,25391,29215,13303,13143,5471,22694,MW
2023-02-14,日,177465,95254,25893,30407,13025,12438,5197,22130,MW
2023-02-15,日,179074,96076,25903,30017,13301,12529,5276,23409,MW
2023-02-16,日,178930,96379,25496,30186,13324,12711,5292,23158,MW
2023-02-17,日,178068,96363,25071,29914,13136,12615,5241,22489,MW
2023-02-18,日,174296,93303,24754,29470,12578,12167,5297,22142,MW
2023-02-19,日,167575,85951,25156,30318,12305,10852,5256,22363,MW
2023-02-20,日,178451,97054,25143,30394,13401,12709,5331,22236,MW
2023-02-21,日,179658,97266,24918,30659,13429,12698,5297,23268,MW
2023-02-22,日,181580,97750,25361,30266,13426,12704,5402,23856,MW
2023-02-23,日,182304,98595,25245,30154,13537,12755,5369,23865,MW
2023-02-24,日,182617,98483,25916,30435,13468,12695,5383,23347,MW
2023-02-25,日,177297,94441,25399,31100,12743,11762,5273,22320,MW
2023-02-26,日,169761,87203,25456,30815,12345,10633,5312,22007,MW
2023-02-27,日,180481,98590,25462,30141,13512,12628,5373,21004,MW
2023-02-28,日,177993,97685,24827,29227,13411,12592,5373,21042,MW
2023-03-01,日,177752,96948,26124,29190,13295,12715,5364,21941,MW
2023-03-02,日,181113,99083,26305,29518,13606,12812,5379,21975,MW
2023-03-03,日,181054,99032,26439,29989,13469,12666,5383,21896,MW
2023-03-04,日,176135,94954,26502,29658,12740,11849,5299,21123,MW
2023-03-05,日,167393,87238,26194,29251,12213,10615,5303,20849,MW
2023-03-06,日,179272,99606,26256,29305,13662,12759,5402,20706,MW
2023-03-07,日,181752,100732,26436,29437,13765,12864,5389,20745,MW
2023-03-08,日,176799,99743,26014,28991,13643,12948,5387,19480,MW
2023-03-09,日,181370,102275,26490,29456,14032,13250,5513,19185,MW
2023-03-10,日,179020,100808,26347,28733,13814,12977,5472,19198,MW
2023-03-11,日,175431,96876,26171,28991,13179,12259,5478,18964,MW
2023-03-12,日,168338,88038,26017,30067,12304,10926,5393,20837,MW
2023-03-13,日,179250,99655,26572,29869,13690,12799,5391,20206,MW
2023-03-14,日,179967,100204,26659,28869,13807,12988,5551,19354,MW
2023-03-15,日,180627,100571,26629,28959,13896,13089,5570,19630,MW
2023-03-16,日,180042,100841,26504,28666,13857,13061,5578,18988,MW
2023-03-17,日,181630,101271,26446,28763,14025,13291,5551,19808,MW
2023-03-18,日,177642,97153,26340,28958,13422,12348,5497,20724,MW
2023-03-19,日,169830,88400,26603,28804,12562,10921,5559,21243,MW
2023-03-20,日,182219,101906,26616,28594,14182,13415,5687,20499,MW
2023-03-21,日,182446,103281,26566,28698,14035,13599,5838,19450,MW
2023-03-22,日,185272,104736,27093,28471,14827,13820,6018,19393,MW
2023-03-23,日,186030,105718,26778,28725,15004,13979,6079,19670,MW
2023-03-24,日,182167,104024,25914,28715,14194,14034,5960,20154,MW
2023-03-25,日,174883,98703,25757,28621,13383,12875,5828,20729,MW
2023-03-26,日,166621,86455,26275,28825,12370,10750,5590,21257,MW
2023-03-27,日,180023,99421,26546,28818,13849,12803,5466,21357,MW
2023-03-28,日,180885,99743,26711,28784,13891,12846,5472,21727,MW
2023-03-29,日,180187,100350,26712,28050,13971,12943,5454,21041,MW
2023-03-30,日,179078,100264,25978,28234,14070,13066,5390,20458,MW
2023-03-31,日,175182,97543,25771,28440,13610,12848,5370,20259,MW
2023-04-01,日,168398,93258,25256,27589,12890,11891,5468,19078,MW
2023-04-02,日,164387,88948,25480,28024,12763,11034,5573,18660,MW
2023-04-03,日,172344,97893,25754,28068,13465,12726,5712,18003,MW
2023-04-04,日,167381,93609,24648,27814,13303,12692,5782,18047,MW
2023-04-05,日,147880,76218,23824,27470,12131,10312,5743,18032,MW
2023-04-06,日,172995,99003,24436,28004,13649,13935,5843,18813,MW
2023-04-07,日,172191,97140,24378,28440,13432,13017,5430,19207,MW
2023-04-08,日,167117,93342,23987,28521,12803,12079,5220,18866,MW
2023-04-09,日,162333,87470,24335,28349,12369,11074,5214,18924,MW
2023-04-10,日,175017,99772,25084,28631,13833,13227,5479,18594,MW
2023-04-11,日,176644,101910,25460,28129,14180,13756,5539,18366,MW
2023-04-12,日,178039,103693,25185,28345,14578,14093,5528,18098,MW
2023-04-13,日,177403,103199,24954,28460,14393,13968,5616,18162,MW
2023-04-14,日,178842,104462,25170,28245,14449,14404,5603,18213,MW
2023-04-15,日,174936,101128,24499,28323,13918,13645,5474,18062,MW
2023-04-16,日,169302,93863,24431,28311,13755,12693,5593,17796,MW
2023-04-17,日,185573,109748,24804,28347,15919,15678,5763,17940,MW
2023-04-18,日,186800,110484,25818,28171,15742,15942,6041,17967,MW
2023-04-19,日,182974,110442,25765,28454,15311,15711,6053,17673,MW
2023-04-20,日,186868,110010,26075,28268,16167,15350,6153,17381,MW
2023-04-21,日,183219,108556,25867,28557,15323,14647,6254,17806,MW
2023-04-22,日,175776,100949,24131,28466,14358,13277,6121,17906,MW
2023-04-23,日,173138,97211,25279,28284,14506,13075,6054,18291,MW
2023-04-24,日,180584,105344,24586,28599,14961,14323,5856,19331,MW
2023-04-25,日,176271,101102,24747,28495,13750,13684,5496,18617,MW
2023-04-26,日,174246,100550,24599,28301,13858,13392,5328,18267,MW
2023-04-27,日,175303,101615,24357,28140,14158,13722,5787,17949,MW
2023-04-28,日,178455,102797,24832,28675,14359,14514,5782,18042,MW
2023-04-29,日,168698,96499,23655,28625,12902,12317,5359,18189,MW
2023-04-30,日,150944,79087,22860,27874,11427,10130,5250,17305,MW
2023-05-01,日,137674,68660,22275,26482,10619,9251,5282,16202,MW
2023-05-02,日,154143,83678,23318,27172,12082,11168,5573,16727,MW
2023-05-03,日,170961,97858,24749,27642,14092,12896,5847,17806,MW
2023-05-04,日,185011,109740,25465,28310,15908,15910,6142,18198,MW
2023-05-05,日,190142,112690,26454,28362,16429,16252,6387,17789,MW
2023-05-06,日,190572,114398,27297,28525,16466,16516,6662,17220,MW
2023-05-07,日,176167,101435,24390,28533,13876,13896,6743,17390,MW
2023-05-08,日,176471,101968,23723,28971,14298,13824,6353,17870,MW
2023-05-09,日,176840,102195,24116,28688,14469,14040,5513,18283,MW
2023-05-10,日,175730,102236,24321,28256,14492,13811,5585,18043,MW
2023-05-11,日,174391,101749,23696,28110,14182,13879,5532,18018,MW
2023-05-12,日,173974,100734,24057,28275,14029,13774,5161,18087,MW
2023-05-13,日,168683,96110,23523,28586,13495,12751,5224,18161,MW
2023-05-14,日,159255,86348,23628,28022,12572,11126,5015,18011,MW
2023-05-15,日,177763,104155,24507,27875,15112,14470,5429,17757,MW
2023-05-16,日,180254,105422,25479,27083,15298,14993,5904,17881,MW
2023-05-17,日,189877,113744,26978,27368,16998,16488,6259,18003,MW
2023-05-18,日,197757,121664,28014,27829,18333,17931,6502,17869,MW
2023-05-19,日,199167,122595,27843,28072,17862,18201,6633,17705,MW
2023-05-20,日,195035,118605,27823,27936,17391,17214,6795,17539,MW
2023-05-21,日,191488,113095,29183,27745,17623,15349,6842,18062,MW
2023-05-22,日,206996,128708,28138,28673,19878,19076,7000,17290,MW
2023-05-23,日,189357,116094,25069,28351,16545,16839,7058,17433,MW
2023-05-24,日,185416,111465,25021,28352,15848,16041,6966,17353,MW
2023-05-25,日,194318,119306,26474,28836,17915,17509,6732,17723,MW
2023-05-26,日,198213,123496,26826,27945,18659,18255,6534,17440,MW
2023-05-27,日,195598,119459,27124,28224,17599,16901,6173,17933,MW
2023-05-28,日,190748,111208,28069,28369,17299,14877,6244,18600,MW
2023-05-29,日,210364,129617,29607,28957,19847,18937,6227,19090,MW
2023-05-30,日,222116,137321,30870,29154,21445,20545,6433,19113,MW
2023-05-31,日,220529,137861,31371,29179,22009,21024,6521,18739,MW
2023-06-01,日,212365,130648,31962,29013,20491,19326,6845,17717,MW
2023-06-02,日,219340,136685,33119,29253,21724,20310,6943,18030,MW
2023-06-03,日,211439,133317,32808,28968,20736,19481,6744,17475,MW
2023-06-04,日,202091,121430,32129,28715,18793,16232,6620,17700,MW
2023-06-05,日,213524,132427,32058,29305,20253,19716,6624,17090,MW
2023-06-06,日,209421,131445,29803,28537,19996,19228,6021,17301,MW
2023-06-07,日,204753,127621,27814,28727,19309,18881,5747,17593,MW
2023-06-08,日,204876,128264,27546,28623,19098,18899,5989,17359,MW
2023-06-09,日,202726,126441,26980,28221,18949,18744,6059,17619,MW
2023-06-10,日,197072,121414,27729,28210,18016,17645,5922,17719,MW
2023-06-11,日,193210,114349,29481,28040,17795,15661,5810,17995,MW
2023-06-12,日,211299,131905,30637,28176,20665,22137,5858,17733,MW
2023-06-13,日,208680,132964,27983,27113,21053,20099,5992,17768,MW
2023-06-14,日,200973,124655,28257,27730,18741,18311,5951,17926,MW
2023-06-15,日,200187,122499,28646,27852,18599,17956,5886,17985,MW
2023-06-16,日,198027,120597,27751,27704,18293,17370,6113,17797,MW
2023-06-17,日,192486,115041,27690,28565,16912,15944,6212,18041,MW
2023-06-18,日,187563,105960,28798,28603,15862,14635,6347,18363,MW
2023-06-19,日,204672,125688,28973,28899,18529,18772,6385,17780,MW
2023-06-20,日,210172,129671,29586,28369,19812,19484,6710,18349,MW
2023-06-21,日,209738,130087,29584,28512,20068,19807,6781,18076,MW
2023-06-22,日,182564,112717,26908,27585,16962,15409,6766,16494,MW
2023-06-23,日,184146,110644,25431,27780,16630,15707,6532,17304,MW
2023-06-24,日,188069,112434,24970,27968,16584,15811,6735,18059,MW
2023-06-25,日,196046,120111,25279,28212,18021,18159,6289,18395,MW
2023-06-26,日,203636,125473,25217,29384,19108,19049,6237,18725,MW
2023-06-27,日,205079,126829,26036,29686,19459,19395,6298,19021,MW
2023-06-28,日,208399,127910,27999,30091,19645,19024,6318,19090,MW
2023-06-29,日,210940,129842,29219,30170,20047,19539,6588,18939,MW
2023-06-30,日,212700,130302,30697,30638,20451,19689,6725,18971,MW
2023-07-01,日,204314,121655,31173,30819,19013,17551,6991,19010,MW
2023-07-02,日,191688,109789,30821,30441,16439,14678,6400,19616,MW
2023-07-03,日,210510,126211,29379,31245,19142,18926,5907,20041,MW
2023-07-04,日,209731,127142,29502,30898,19147,18874,6297,18698,MW
2023-07-05,日,212312,131134,30084,29701,19987,19556,6589,18914,MW
2023-07-06,日,218108,134414,31292,30379,20511,19742,6681,19457,MW
2023-07-07,日,221915,136397,32271,31400,20967,20269,6791,20092,MW
2023-07-08,日,215103,130943,31890,31821,19718,18901,7009,18810,MW
2023-07-09,日,207507,124095,31459,31297,19429,16871,6983,18721,MW
2023-07-10,日,225782,139287,32561,31548,21542,20708,6792,19712,MW
2023-07-11,日,227495,139446,32669,32040,21409,20590,6907,20482,MW
2023-07-12,日,228886,140123,32856,32353,21660,20737,7061,20893,MW
2023-07-13,日,228848,139502,32353,32419,21404,20560,7141,21173,MW
2023-07-14,日,230889,142171,33497,32722,21589,20998,7185,19579,MW
2023-07-15,日,222673,139635,32188,30734,21431,20391,7427,19083,MW
2023-07-16,日,207442,127938,31748,32818,19776,16516,7338,19298,MW
2023-07-17,日,211227,126331,29683,33470,19307,18595,5282,20231,MW
2023-07-18,日,204769,124649,25345,33094,18860,18595,5957,19548,MW
2023-07-19,日,210003,125948,27261,32924,19332,18672,6040,19158,MW
2023-07-20,日,214419,130451,28033,32751,19579,19494,6244,19769,MW
2023-07-21,日,218673,133406,30053,32143,20267,19742,6312,19674,MW
2023-07-22,日,213174,128790,31265,31771,19421,18442,6318,20145,MW
2023-07-23,日,208702,121769,31914,32411,18567,16432,6362,20241,MW
2023-07-24,日,224793,137425,33025,32327,20860,20400,6422,20614,MW
2023-07-25,日,227373,139191,33249,32301,21111,20417,6555,20378,MW
2023-07-26,日,234060,143591,33773,32972,22125,21481,6822,20176,MW
2023-07-27,日,232555,144729,34337,33138,22445,22068,7030,20015,MW
2023-07-28,日,229918,141867,33697,32264,22117,21041,7217,19880,MW
2023-07-29,日,215412,132507,32108,31744,20268,18234,7375,19723,MW
2023-07-30,日,200825,120134,30280,31564,18010,15714,7105,19689,MW
2023-07-31,日,214116,129645,29046,31632,19841,19401,6751,19994,MW
2023-08-01,日,211928,127799,27891,32173,19569,19173,6138,19825,MW
2023-08-02,日,216123,132435,28431,32599,20238,19380,5821,18948,MW
2023-08-03,日,221955,137746,29203,32135,21181,20109,5761,19234,MW
2023-08-04,日,223655,139691,28838,31779,21671,20443,6024,19959,MW
2023-08-05,日,214271,133990,27190,31779,20310,19141,6247,19759,MW
2023-08-06,日,203400,125111,27101,31269,19121,16432,6453,19649,MW
2023-08-07,日,220296,137835,26888,31595,20946,19950,6406,20242,MW
2023-08-08,日,220675,137848,27424,31454,20945,20224,6620,20120,MW
2023-08-09,日,223932,139215,28239,31833,20988,20355,6846,20388,MW
2023-08-10,日,222247,137338,28399,32420,20645,19810,7016,20575,MW
2023-08-11,日,214795,127908,27319,32853,19429,18795,7038,21062,MW
2023-08-12,日,207228,122126,28304,32551,18296,17933,6266,20543,MW
2023-08-13,日,198442,112852,28717,32819,17562,15092,6113,20125,MW
2023-08-14,日,216336,130784,27231,33437,20900,18653,6334,20464,MW
2023-08-15,日,218893,132722,27828,33770,20163,19753,6576,20584,MW
2023-08-16,日,225704,136233,29864,33839,20331,20390,6845,21047,MW
2023-08-17,日,224968,135284,30614,34339,19139,20690,7035,21412,MW
2023-08-18,日,221482,131023,29388,34821,19458,19050,7255,21672,MW
2023-08-19,日,213104,126053,27579,33659,19292,18178,7452,20872,MW
2023-08-20,日,199438,113163,27235,34544,17172,15441,6538,20824,MW
2023-08-21,日,220061,132269,28942,34684,20424,19731,6704,20607,MW
2023-08-22,日,222076,133817,29540,33789,20262,19918,6546,21198,MW
2023-08-23,日,224039,135304,28048,33894,20400,20258,6496,20615,MW
2023-08-24,日,217695,131358,27503,33558,19521,19608,6607,19630,MW
2023-08-25,日,216034,131566,27916,33536,19379,19852,6574,19026,MW
2023-08-26,日,207427,123762,28185,32682,17842,18119,6722,18923,MW
2023-08-27,日,199641,115575,27976,33240,17862,16098,6817,18573,MW
2023-08-28,日,215097,132169,24876,33025,20561,19872,7049,18964,MW
2023-08-29,日,206875,126792,22992,33342,18320,19669,6767,18525,MW
2023-08-30,日,200682,120816,24404,33302,17821,18055,6065,18880,MW
2023-08-31,日,201078,120045,25226,33200,18089,17771,6142,19149,MW
2023-09-01,日,193311,111012,26444,34062,16882,16327,6265,19070,MW
2023-09-02,日,183702,100871,24576,33170,15433,13758,6239,19323,MW
2023-09-03,日,191461,110164,22226,33495,16816,15560,5899,19438,MW
2023-09-04,日,210842,128661,24359,33248,19665,19538,6241,19913,MW
2023-09-05,日,211006,125779,25745,34932,19071,18458,6436,19851,MW
2023-09-06,日,212474,126034,26922,34388,18879,18759,6444,20016,MW
2023-09-07,日,208786,122623,26269,34588,17826,17773,6392,20008,MW
2023-09-08,日,200543,115415,25567,34947,16576,16013,6045,20140,MW
2023-09-09,日,194561,110753,25435,34277,16286,15369,5935,20304,MW
2023-09-10,日,183846,99446,24606,33914,14826,13676,5593,20483,MW
2023-09-11,日,201712,116523,24618,34145,17217,17229,5868,20242,MW
2023-09-12,日,202308,119374,24947,33955,17953,17734,5875,19022,MW
2023-09-13,日,203923,121157,23946,33116,18051,18233,6143,19165,MW
2023-09-14,日,203008,119892,23781,34009,17524,17493,6106,19549,MW
2023-09-15,日,201386,119573,24288,34129,17316,18111,6031,19505,MW
2023-09-16,日,197614,112908,25039,34142,16660,16275,5864,19409,MW
2023-09-17,日,191864,106653,24904,34386,16458,14937,5774,19945,MW
2023-09-18,日,213292,125995,25982,34576,19339,18524,6087,20212,MW
2023-09-19,日,215405,128979,26699,33667,19715,18927,6156,20158,MW
2023-09-20,日,219777,131634,27499,33890,20223,19340,6312,20054,MW
2023-09-21,日,223468,135153,28085,34598,20983,19884,6500,18838,MW
2023-09-22,日,218920,133031,28180,33716,20889,19911,6428,18663,MW
2023-09-23,日,216111,130562,27723,34516,19910,18598,6434,18881,MW
2023-09-24,日,209097,123421,28079,33512,19154,17273,5715,19040,MW
2023-09-25,日,223262,135286,28113,34839,20795,19767,5687,19523,MW
2023-09-26,日,219525,134010,27303,34078,20507,19590,5857,19063,MW
2023-09-27,日,217619,132908,27932,34271,20543,19343,5773,19063,MW
2023-09-28,日,210143,126635,26468,34038,19260,18600,5859,18527,MW
2023-09-29,日,178330,104829,24376,32214,15541,14133,5576,17655,MW
2023-09-30,日,177453,96204,26254,32355,14880,12898,5883,17667,MW
2023-10-01,日,173281,93523,26625,31818,14695,12011,5988,17022,MW
2023-10-02,日,178169,95516,26945,31969,14342,12182,6118,17769,MW
2023-10-03,日,189946,105360,27877,32654,15809,13381,6151,17934,MW
2023-10-04,日,206120,118830,28519,33088,17555,15828,6296,18361,MW
2023-10-05,日,205112,120689,28033,33524,17400,16358,6393,18171,MW
2023-10-06,日,199272,115809,26789,33775,16652,15798,6415,18534,MW
2023-10-07,日,193580,111003,25209,34569,15594,15458,6253,18672,MW
2023-10-08,日,181654,99319,24319,34012,14070,13381,6064,19373,MW
2023-10-09,日,188435,104756,24602,34090,14832,14158,5965,19347,MW
2023-10-10,日,188799,105032,24344,34081,14884,14687,5970,19371,MW
2023-10-11,日,189192,106779,24220,33406,15275,14947,5722,19492,MW
2023-10-12,日,191494,109253,24647,33723,15730,15236,5947,19655,MW
2023-10-13,日,193427,110405,24787,34021,15610,15371,5811,19868,MW
2023-10-14,日,189247,106450,24532,33176,15030,14367,5771,19417,MW
2023-10-15,日,180228,96449,24412,33345,14177,13004,5831,19468,MW
2023-10-16,日,193471,110788,25138,33636,15920,15931,5885,19512,MW
2023-10-17,日,192921,109575,25415,33322,15704,15190,5792,19426,MW
2023-10-18,日,192023,108295,25506,33853,15537,14874,5714,19530,MW
2023-10-19,日,194383,110271,25047,34192,15907,15353,5863,19826,MW
2023-10-20,日,191635,110672,24337,34341,15605,15668,5733,20346,MW
2023-10-21,日,183005,98683,24381,34320,13565,12926,5601,19993,MW
2023-10-22,日,173546,90817,24092,34177,12953,11992,5515,19536,MW
2023-10-23,日,191198,107129,24210,34441,15126,15187,5625,19485,MW
2023-10-24,日,198155,111653,25234,34516,16091,16027,5731,20072,MW
2023-10-25,日,202191,115303,25952,34699,16837,16507,5864,19826,MW
2023-10-26,日,199397,115558,25913,34244,16991,16318,5871,20006,MW
2023-10-27,日,199293,114922,25256,34809,16736,16536,5883,20342,MW
2023-10-28,日,191826,107710,25255,34458,15393,14842,5807,20236,MW
2023-10-29,日,178235,95543,23892,34333,13948,12746,5765,20283,MW
2023-10-30,日,193480,109503,24972,34573,15701,15620,5862,20449,MW
2023-10-31,日,190614,107359,24505,34480,15460,15293,5859,20227,MW
2023-11-01,日,190077,106342,24773,33888,15360,15492,5888,19838,MW
2023-11-02,日,194453,110420,24963,34245,15822,15615,5950,19940,MW
2023-11-03,日,196248,112799,25286,34155,16174,15901,5979,20037,MW
2023-11-04,日,191121,109022,25058,34072,15562,14765,6061,19190,MW
2023-11-05,日,183819,99614,25116,33714,14777,13273,6060,19942,MW
2023-11-06,日,195393,114138,24449,33517,16379,16545,6185,20037,MW
2023-11-07,日,193302,110399,24559,32973,15713,15280,6083,20046,MW
2023-11-08,日,192545,110509,25008,32857,15688,15306,6106,20090,MW
2023-11-09,日,195669,112998,25232,32656,16287,15655,6271,19591,MW
2023-11-10,日,198406,116054,25779,32967,16725,16394,6291,19960,MW
2023-11-11,日,188470,107664,25819,32740,14688,14417,6257,20376,MW
2023-11-12,日,175987,92592,24340,32509,13131,12126,5872,21934,MW
2023-11-13,日,190187,103740,25563,33142,14302,13703,5781,22820,MW
2023-11-14,日,189822,103510,25682,32459,14266,13636,5733,23071,MW
2023-11-15,日,190258,103534,25684,32620,14276,13926,5868,22943,MW
2023-11-16,日,190443,103165,25248,33659,14191,13526,5727,22795,MW
2023-11-17,日,188834,102505,25073,34160,14085,13284,5596,22467,MW
2023-11-18,日,184256,98088,24966,33833,13512,12420,5594,22422,MW
2023-11-19,日,174319,90111,24922,32838,12716,11331,5618,21719,MW
2023-11-20,日,187408,103391,24944,32823,14382,13502,5725,21348,MW
2023-11-21,日,187703,103937,25160,32430,14355,13702,5878,21003,MW
2023-11-22,日,188123,104704,25082,32201,14425,13836,5937,21481,MW
2023-11-23,日,191108,105406,25201,32481,14502,13991,5957,21823,MW
2023-11-24,日,189625,104508,25016,32604,14347,13767,5892,21476,MW
2023-11-25,日,183047,100057,24863,32430,13576,12811,5890,21099,MW
2023-11-26,日,175319,91646,24708,32126,12997,11528,5872,21634,MW
2023-11-27,日,188100,104852,25324,32282,14536,13856,5837,21268,MW
2023-11-28,日,187271,104233,25010,32008,14396,13828,5879,21123,MW
2023-11-29,日,189660,103993,25400,32757,14365,13822,6023,21571,MW
2023-11-30,日,189090,102806,25136,32737,14171,13789,6047,23116,MW
2023-12-01,日,185958,99899,25564,32266,14083,13297,5838,23581,MW
2023-12-02,日,183740,97233,25542,31815,13317,12407,5810,23710,MW
2023-12-03,日,179082,90462,25742,32446,12730,11218,5874,24096,MW
2023-12-04,日,192225,104531,26225,31965,14335,13605,5977,23882,MW
2023-12-05,日,194339,105230,26340,32934,14667,13713,6048,23792,MW
2023-12-06,日,192769,104473,25774,33673,14394,13518,6009,23261,MW
2023-12-07,日,192577,105030,25505,34143,14378,13498,5958,22655,MW
2023-12-08,日,190211,104316,25449,32338,14361,13498,5990,22706,MW
2023-12-09,日,184894,101510,25293,31173,14010,13085,5978,21752,MW
2023-12-10,日,176768,93517,24963,31559,13541,11958,6050,20903,MW
2023-12-11,日,194495,108691,25684,32144,15309,14583,6270,21728,MW
2023-12-12,日,193882,106689,25979,32511,14790,14351,6225,22844,MW
2023-12-13,日,191841,106167,26048,32051,14508,14003,6298,21780,MW
2023-12-14,日,192323,108296,25781,31680,14952,14294,6311,21029,MW
2023-12-15,日,195446,108771,25960,32073,15197,14728,6332,22241,MW
2023-12-16,日,189286,100073,27345,32628,13791,12505,6057,24755,MW
2023-12-17,日,188246,96691,29066,32495,14088,11767,6009,26110,MW
2023-12-18,日,205013,109407,30323,32939,15750,13594,6152,27049,MW
2023-12-19,日,208161,112173,30585,33380,16340,13888,6186,27032,MW
2023-12-20,日,209188,113770,29644,34391,16588,14204,6157,26514,MW
2023-12-21,日,215756,118094,30657,34377,17518,15039,6266,27101,MW
2023-12-22,日,208509,112817,29664,35538,16691,14780,6360,26457,MW
2023-12-23,日,209167,113913,29907,34898,16358,14345,6390,26122,MW
2023-12-24,日,199083,103765,29168,35732,15370,12833,6318,26151,MW
2023-12-25,日,208261,113129,29153,35533,16078,14237,6268,25551,MW
2023-12-26,日,205109,111372,28567,34702,15560,13974,6211,25318,MW
2023-12-27,日,198553,108869,27480,33065,15005,13668,6176,24047,MW
2023-12-28,日,194889,107208,26807,33298,14612,13448,6129,23702,MW
2023-12-29,日,192466,103922,26361,33497,14121,13061,6134,24842,MW
2023-12-30,日,182622,97271,25709,32868,13353,11834,6122,23407,MW
2023-12-31,日,167074,84304,24508,32002,12133,10284,5947,22224,MW
2024-01-01,日,156906,75588,23453,31094,11584,9559,5840,22980,MW
2024-01-02,日,188624,102780,25458,31674,14059,13194,6112,24468,MW
2024-01-03,日,192523,105350,25701,33188,14509,13307,6108,24440,MW
2024-01-04,日,193124,106691,26074,32116,14691,13277,6083,24382,MW
2024-01-05,日,193636,106208,26023,32179,14419,13295,6090,24424,MW
2024-01-06,日,189361,102468,25816,32144,13926,12705,6133,23706,MW
2024-01-07,日,180931,94739,25413,31802,13337,11608,6025,24540,MW
2024-01-08,日,192835,105814,25959,32117,14637,13343,6135,24795,MW
2024-01-09,日,194780,107005,26330,32274,14664,13521,6187,24450,MW
2024-01-10,日,192889,105977,26014,32347,14625,13392,6259,24318,MW
2024-01-11,日,194800,106242,26629,32311,14609,13369,6250,24756,MW
2024-01-12,日,194092,105835,26533,32296,14348,13339,6158,24443,MW
2024-01-13,日,186369,102160,26102,31453,13774,12528,6159,23364,MW
2024-01-14,日,178948,94423,25545,32044,13041,11523,6079,22499,MW
2024-01-15,日,190078,105072,25608,32242,14485,13350,6126,22430,MW
2024-01-16,日,189788,105643,25407,31693,14409,13301,6146,22366,MW
2024-01-17,日,189238,105968,25396,31836,14615,13277,6150,22922,MW
2024-01-18,日,190517,106096,25964,31688,14628,13693,6137,22444,MW
2024-01-19,日,192803,105810,26132,32319,14430,13598,6110,23773,MW
2024-01-20,日,189757,101657,27179,32183,13519,12823,6117,24138,MW
2024-01-21,日,185850,94890,28314,32848,13051,11619,6084,25575,MW
2024-01-22,日,206883,109011,31318,34209,15550,13529,6236,27602,MW
2024-01-23,日,215384,115003,32986,33727,16707,14591,6313,28263,MW
2024-01-24,日,216958,116027,33443,34268,17370,14961,6462,28445,MW
2024-01-25,日,212580,111825,32653,35243,16402,14117,6531,28432,MW
2024-01-26,日,206713,108080,32609,33860,15814,13608,6316,28205,MW
2024-01-27,日,201395,104460,31719,33320,15568,12944,6261,26583,MW
2024-01-28,日,195117,98735,31664,33117,14918,12342,6331,26530,MW
2024-01-29,日,194486,100146,31830,32535,14498,12825,6234,26725,MW
2024-01-30,日,182988,93248,29646,31235,13686,12242,6107,25133,MW
2024-01-31,日,174217,87387,28389,31048,13010,11776,6029,23682,MW
2024-02-01,日,167707,82695,26665,30499,12715,11235,5926,23726,MW
2024-02-02,日,159869,77166,25488,30079,11858,10439,5907,23658,MW
2024-02-03,日,156432,71663,25507,30385,10956,9410,5882,24623,MW
2024-02-04,日,153974,68775,26200,30098,10757,8929,5896,24464,MW
2024-02-05,日,152275,65882,27121,29527,10203,8366,5899,24975,MW
2024-02-06,日,148922,62581,27692,29110,9762,7745,5844,25349,MW
2024-02-07,日,149215,63134,27970,29205,9851,7214,5752,25267,MW
2024-02-08,日,147689,63132,27184,28667,9569,6837,5742,25189,MW
2024-02-09,日,136948,58675,25157,29786,8648,6078,5578,24951,MW
2024-02-10,日,123522,53069,22034,26659,7935,5809,5381,20261,MW
2024-02-11,日,121530,51398,21597,26812,7559,5785,5318,18965,MW
2024-02-12,日,120951,51211,20931,26635,7458,5794,5352,17947,MW
2024-02-13,日,121717,52332,21018,26269,7708,6124,5442,17539,MW
2024-02-14,日,124331,53576,21244,26734,7990,6407,5486,17563,MW
2024-02-15,日,130202,56382,21970,27717,8521,6961,5585,19593,MW
2024-02-16,日,134594,59303,22404,28529,8917,7519,5643,19821,MW
2024-02-17,日,138695,64083,22715,28889,9877,8467,5711,18607,MW
2024-02-18,日,146881,70905,23053,29620,10953,9888,5834,18327,MW
2024-02-19,日,154118,79329,23065,29098,12118,11225,5960,18084,MW
2024-02-20,日,159537,84989,23269,28933,12764,12160,6078,18042,MW
2024-02-21,日,167234,89095,23858,29246,13227,12743,6158,20535,MW
2024-02-22,日,175895,91795,25809,30216,12943,13036,6242,23544,MW
2024-02-23,日,178784,92129,28230,30254,12985,12169,5976,25438,MW
2024-02-24,日,171076,85320,28681,30112,12135,10992,5607,25352,MW
2024-02-25,日,181015,90346,29875,30533,13523,11262,5809,25949,MW
2024-02-26,日,192521,100513,30754,31046,14871,12733,5902,26696,MW
2024-02-27,日,194295,103151,31012,30854,15229,13135,5817,26132,MW
2024-02-28,日,195591,103733,31014,31176,15070,13054,5918,25966,MW
2024-02-29,日,196679,105560,30359,31368,15835,13218,5974,26196,MW
2024-03-01,日,201446,108650,29966,31300,16108,13713,5973,26092,MW
2024-03-02,日,196132,106036,28816,31022,15268,13274,5967,24876,MW
2024-03-03,日,188411,97990,28932,30839,14641,11812,6017,24330,MW
2024-03-04,日,196113,108833,27254,30493,16039,13756,6211,23025,MW
2024-03-05,日,198060,111048,26683,30504,16141,14505,6348,22712,MW
2024-03-06,日,192241,106695,26206,30587,14933,13974,6255,23004,MW
2024-03-07,日,193443,107125,26041,30848,14715,13480,5996,23368,MW
2024-03-08,日,188407,103745,25965,30424,14147,13255,5875,22780,MW
2024-03-09,日,190283,103610,27004,31035,14197,12700,5952,23220,MW
2024-03-10,日,184505,97013,27109,31180,14141,11890,5939,23168,MW
2024-03-11,日,191653,107629,26081,30704,15024,13662,5862,21524,MW
2024-03-12,日,189501,106354,25656,30698,14701,13532,5802,21348,MW
2024-03-13,日,192290,106635,26305,31840,14857,13608,5881,22048,MW
2024-03-14,日,192994,107674,26495,31027,14931,13677,5931,21626,MW
2024-03-15,日,189903,106660,25970,30824,14576,13620,6058,21407,MW
2024-03-16,日,185141,103284,25666,30602,14190,13055,6129,20873,MW
2024-03-17,日,176950,95660,25462,30521,13698,12067,6133,20943,MW
2024-03-18,日,191564,108619,25980,30685,15333,13982,6207,21390,MW
2024-03-19,日,189129,106893,25551,31019,14726,13677,5855,21576,MW
2024-03-20,日,188650,106191,25925,31103,14573,13734,5746,21229,MW
2024-03-21,日,186677,106472,25247,30439,14672,13618,5832,20129,MW
2024-03-22,日,187575,107659,25171,30938,14652,14103,6032,19763,MW
2024-03-23,日,186351,106051,25275,30569,14444,13728,6258,19036,MW
2024-03-24,日,178647,99064,25231,30834,14294,12792,6203,19141,MW
2024-03-25,日,194563,114010,26072,30560,16126,15507,6327,18986,MW
2024-03-26,日,195386,114885,25414,30842,16318,15912,6267,19163,MW
2024-03-27,日,191712,112071,25413,30677,15759,14899,6189,19186,MW
2024-03-28,日,194159,114200,25478,30886,16010,15320,6307,19284,MW
2024-03-29,日,191644,113778,25343,30305,15951,15490,5917,19148,MW
2024-03-30,日,187627,109615,25585,30238,15209,14643,6186,18565,MW
2024-03-31,日,182106,103364,25738,30324,15263,13782,6393,19030,MW
2024-04-01,日,195626,116583,26293,30217,16669,16202,6653,18562,MW
2024-04-02,日,198024,117718,26768,30713,16678,16353,6629,18700,MW
2024-04-03,日,189015,111938,26618,30907,15789,16005,6511,18474,MW
2024-04-04,日,161878,90310,23887,29867,13288,12398,6457,17425,MW
2024-04-05,日,175307,98208,23085,30573,13401,12954,6296,18428,MW
2024-04-06,日,181484,102403,24399,30674,14161,13356,6404,19321,MW
2024-04-07,日,186564,105392,24906,31100,14618,14747,6445,19794,MW
2024-04-08,日,190886,110069,25186,30986,15019,15468,6303,19592,MW
2024-04-09,日,189010,108799,25313,30818,15122,14345,5949,19504,MW
2024-04-10,日,191223,110212,25194,31033,15430,14781,6122,19546,MW
2024-04-11,日,193629,113670,24309,31434,16184,15459,6218,19290,MW
2024-04-12,日,196911,116002,25356,31580,16447,16099,6336,19196,MW
2024-04-13,日,194863,113957,25518,31576,16173,15331,6383,18588,MW
2024-04-14,日,188198,106849,26366,31126,15797,14372,6492,18877,MW
2024-04-15,日,205168,123799,26779,30991,18169,17405,6637,18862,MW
2024-04-16,日,206658,124932,26814,31414,18380,17760,6640,18143,MW
2024-04-17,日,207189,125981,26614,31787,18474,18211,6686,18161,MW
2024-04-18,日,200384,121002,25705,31650,17509,18118,6698,18179,MW
2024-04-19,日,201527,118690,27099,31654,16989,17020,6802,18549,MW
2024-04-20,日,191602,115043,25761,31870,15767,15981,6899,17433,MW
2024-04-21,日,177890,98209,24423,31451,14263,12865,6962,17103,MW
2024-04-22,日,196364,114385,25677,32434,16447,15789,6687,18527,MW
2024-04-23,日,195555,115147,25378,31483,16718,15712,6645,18314,MW
2024-04-24,日,197993,117271,25698,31064,17010,16381,6807,18401,MW
2024-04-25,日,199603,117353,26565,31100,17091,16170,7006,18274,MW
2024-04-26,日,203122,119853,27482,31508,17623,16637,7166,17432,MW
2024-04-27,日,199151,116744,27372,31413,16450,16541,7505,17771,MW
2024-04-28,日,193297,109377,28020,31723,15607,15240,7721,17005,MW
2024-04-29,日,205985,121835,28476,31411,17333,17187,7724,17264,MW
2024-05-01,日,159427,86720,23155,31050,11673,12008,7995,16907,MW
2024-05-02,日,162756,87364,22922,31206,12159,11567,6611,17045,MW
2024-05-03,日,173912,97267,23601,31348,13306,12458,5886,17475,MW
2024-05-04,日,180926,101364,24400,31575,13971,12906,6067,17796,MW
2024-05-05,日,186851,104967,24855,32651,14905,14037,6439,18420,MW
2024-05-14,日,198759,118159,26241,31654,17353,16421,6194,17750,MW
2024-05-15,日,198120,118179,25637,32160,17554,16643,6152,18173,MW
2024-05-16,日,197581,117181,26105,31765,17121,16336,6031,17664,MW
2024-05-17,日,197141,117161,25684,31693,16814,16400,6109,18044,MW
2024-05-18,日,189570,110059,24677,31687,15099,15186,6333,18034,MW
2024-05-19,日,179190,98259,24104,31635,13942,13282,6483,17747,MW
